"날짜","종가","오픈","고가","저가","거래량","변동 %"
"2023- 03- 24","4.0750","4.1015","4.1485","4.0505","","-1.18%"
"2023- 03- 23","4.1235","4.0430","4.1265","4.0225","79.53K","1.95%"
"2023- 03- 22","4.0445","4.0015","4.1075","3.9715","78.06K","1.26%"
"2023- 03- 21","3.9940","3.9555","4.0345","3.9285","69.31K","1.08%"
"2023- 03- 20","3.9515","3.9085","3.9700","3.8550","73.79K","1.52%"
"2023- 03- 17","3.8925","3.8765","3.9525","3.8700","72.13K","0.72%"
"2023- 03- 16","3.8645","3.8835","3.9030","3.8220","85.38K","0.56%"
"2023- 03- 15","3.8430","4.0050","4.0275","3.8400","131.41K","-4.00%"
"2023- 03- 14","4.0030","4.0420","4.0525","3.9820","71.16K","-1.25%"
"2023- 03- 13","4.0535","4.0075","4.0775","3.9215","133.48K","0.57%"
"2023- 03- 10","4.0305","4.0070","4.0635","3.9670","84.98K","-0.21%"
"2023- 03- 09","4.0390","4.0270","4.0550","3.9955","54.53K","0.30%"
"2023- 03- 08","4.0270","3.9675","4.0725","3.9610","79.04K","1.31%"
"2023- 03- 07","3.9750","4.0750","4.0950","3.9630","77.40K","-2.78%"
"2023- 03- 06","4.0885","4.0650","4.0930","4.0085","63.75K","0.53%"
"2023- 03- 03","4.0670","4.0745","4.1175","4.0605","","-0.22%"
"2023- 03- 02","4.0760","4.1685","4.1740","4.0470","","-2.02%"
"2023- 03- 01","4.1600","4.0745","4.1745","4.0650","87.33K","1.72%"
"2023- 02- 28","4.0895","4.0100","4.0945","3.9915","71.44K","1.96%"
"2023- 02- 27","4.0110","3.9600","4.0240","3.9370","83.88K","1.49%"
"2023- 02- 24","3.9520","4.0555","4.0765","3.9465","","-2.64%"
"2023- 02- 23","4.0590","4.1790","4.1885","4.0390","73.18K","-3.14%"
"2023- 02- 22","4.1905","4.2140","4.2240","4.1485","70.16K","-0.83%"
"2023- 02- 21","4.2255","4.1260","4.2370","4.1015","126.19K","1.07%"
"2023- 02- 20","4.1807","4.1195","4.1980","4.1020","","1.49%"
"2023- 02- 19","4.1195","4.1288","4.1305","4.1178","","0.27%"
"2023- 02- 17","4.1085","4.1195","4.1335","4.0590","68.60K","-0.65%"
"2023- 02- 16","4.1355","4.0245","4.1465","4.0185","108.49K","3.12%"
"2023- 02- 15","4.0105","4.0875","4.0910","3.9785","103.17K","-1.58%"
"2023- 02- 14","4.0750","4.0590","4.1110","4.0255","93.92K","0.43%"
"2023- 02- 13","4.0575","4.0185","4.0685","3.9935","74.43K","1.02%"
"2023- 02- 10","4.0165","4.0745","4.0825","4.0050","86.48K","-1.96%"
"2023- 02- 09","4.0970","4.0475","4.1205","4.0395","96.58K","1.52%"
"2023- 02- 08","4.0355","4.0700","4.1165","4.0160","85.50K","-1.10%"
"2023- 02- 07","4.0805","4.0380","4.0865","4.0025","90.92K","1.13%"
"2023- 02- 06","4.0350","4.0415","4.0740","3.9930","75.84K","-0.53%"
"2023- 02- 03","4.0565","4.0910","4.1360","4.0305","91.47K","-0.84%"
"2023- 02- 02","4.0910","4.1815","4.1995","4.0780","82.56K","-0.49%"
"2023- 02- 01","4.1110","4.2235","4.2250","4.1025","88.15K","-2.72%"
"2023- 01- 31","4.2260","4.1845","4.2315","4.1185","86.17K","0.57%"
"2023- 01- 30","4.2020","4.2300","4.2490","4.1680","63.12K","-0.49%"
"2023- 01- 27","4.2225","4.2820","4.2870","4.1720","63.41K","-1.05%"
"2023- 01- 26","4.2675","4.2645","4.2900","4.2325","58.23K","0.54%"
"2023- 01- 25","4.2445","4.2645","4.2735","4.2110","51.11K","-0.09%"
"2023- 01- 24","4.2485","4.2590","4.2825","4.2155","51.17K","-0.19%"
"2023- 01- 23","4.2565","4.2795","4.3025","4.2260","57.18K","0.12%"
"2023- 01- 20","4.2515","4.2450","4.2795","4.2065","59.75K","0.47%"
"2023- 01- 19","4.2315","4.2265","4.2685","4.1680","78.54K","-0.07%"
"2023- 01- 18","4.2345","4.2335","4.3550","4.2050","104.62K","0.27%"
"2023- 01- 17","4.2230","4.2105","4.2445","4.1105","113.11K","1.92%"
"2023- 01- 16","4.1433","4.2062","4.2105","4.1382","","-1.49%"
"2023- 01- 15","4.2060","4.2198","4.2198","4.2058","","-0.24%"
"2023- 01- 13","4.2160","4.1730","4.2225","4.1285","69.52K","0.46%"
"2023- 01- 12","4.1965","4.1755","4.2115","4.1295","96.27K","0.73%"
"2023- 01- 11","4.1660","4.0800","4.1850","4.0655","88.48K","2.17%"
"2023- 01- 10","4.0775","4.0120","4.0835","3.9875","72.22K","1.27%"
"2023- 01- 09","4.0265","3.9235","4.0445","3.9235","102.47K","2.95%"
"2023- 01- 06","3.9110","3.8255","3.9300","3.7985","96.75K","2.36%"
"2023- 01- 05","3.8210","3.7405","3.8420","3.7215","76.73K","2.15%"
"2023- 01- 04","3.7405","3.7710","3.8070","3.7085","80.27K","-0.69%"
"2023- 01- 03","3.7665","3.8355","3.8715","3.7585","83.90K","-1.92%"
"2023- 01- 02","3.8403","3.8192","3.8480","3.8185","","0.72%"
"2022- 12- 30","3.8130","3.8135","3.8150","3.8135","0.01K","-0.35%"
"2022- 12- 29","3.8265","3.8360","3.8360","3.8250","0.04K","-0.42%"
"2022- 12- 28","3.8425","3.8490","3.8730","3.8210","42.61K","0.05%"
"2022- 12- 27","3.8405","3.8400","3.9415","3.8320","48.12K","-0.44%"
"2022- 12- 26","3.8575","3.8125","3.8675","3.8125","","1.27%"
"2022- 12- 23","3.8090","3.7645","3.8170","3.7610","38.56K","1.38%"
"2022- 12- 22","3.7570","3.8180","3.8490","3.7495","44.39K","-1.39%"
"2022- 12- 21","3.8100","3.8070","3.8285","3.7890","39.35K","0.29%"
"2022- 12- 20","3.7990","3.7610","3.8305","3.7230","55.30K","0.42%"
"2022- 12- 19","3.7830","3.7695","3.8245","3.7495","38.27K","0.57%"
"2022- 12- 16","3.7615","3.7760","3.8050","3.7330","46.14K","-0.04%"
"2022- 12- 15","3.7630","3.8635","3.8675","3.7570","60.79K","-2.97%"
"2022- 12- 14","3.8780","3.8455","3.8920","3.8230","50.21K","0.94%"
"2022- 12- 13","3.8420","3.8080","3.9290","3.8035","69.13K","1.09%"
"2022- 12- 12","3.8005","3.8595","3.8595","3.7860","45.29K","-2.01%"
"2022- 12- 09","3.8785","3.8815","3.9245","3.8460","51.88K","-0.13%"
"2022- 12- 08","3.8835","3.8435","3.9125","3.8330","50.54K","0.60%"
"2022- 12- 07","3.8605","3.8210","3.8740","3.7750","52.67K","1.11%"
"2022- 12- 06","3.8180","3.7915","3.8635","3.7845","53.10K","0.61%"
"2022- 12- 05","3.7950","3.8530","3.8945","3.7730","58.79K","-1.44%"
"2022- 12- 02","3.8505","3.7975","3.8650","3.7445","59.97K","0.86%"
"2022- 12- 01","3.8175","3.7820","3.8225","3.7350","59.94K","2.13%"
"2022- 11- 30","3.7380","3.6440","3.7925","3.6340","81.15K","2.71%"
"2022- 11- 29","3.6395","3.6015","3.6845","3.5955","55.24K","0.64%"
"2022- 11- 28","3.6165","3.5910","3.6195","3.5575","0.46K","-0.45%"
"2022- 11- 25","3.6330","3.6545","3.6580","3.6220","0.18K","-0.18%"
"2022- 11- 24","3.6395","3.6472","3.6710","3.6240","","0.54%"
"2022- 11- 23","3.6200","3.6225","3.6315","3.6040","0.21K","0.10%"
"2022- 11- 22","3.6165","3.5950","3.6650","3.5900","0.25K","1.13%"
"2022- 11- 21","3.5760","3.6500","3.6550","3.5560","32.41K","-1.80%"
"2022- 11- 18","3.6415","3.6920","3.7150","3.6370","28.32K","-1.42%"
"2022- 11- 17","3.6940","3.7570","3.7765","3.6730","24.88K","-2.11%"
"2022- 11- 16","3.7735","3.8110","3.8210","3.7495","27.93K","-1.20%"
"2022- 11- 15","3.8195","3.8325","3.8820","3.7945","39.81K","-0.21%"
"2022- 11- 14","3.8275","3.9225","3.9470","3.8055","38.11K","-1.88%"
"2022- 11- 11","3.9010","3.7650","3.9320","3.7535","47.70K","4.04%"
"2022- 11- 10","3.7495","3.6680","3.7795","3.6225","36.79K","1.58%"
"2022- 11- 09","3.6910","3.6605","3.7330","3.6215","42.77K","0.41%"
"2022- 11- 08","3.6760","3.5975","3.6910","3.5625","38.61K","2.10%"
"2022- 11- 07","3.6005","3.6350","3.6500","3.5740","32.98K","-1.99%"
"2022- 11- 04","3.6735","3.4135","3.6950","3.4090","45.21K","7.52%"
"2022- 11- 03","3.4165","3.4230","3.4505","3.3675","29.77K","-1.10%"
"2022- 11- 02","3.4545","3.4480","3.5015","3.4200","20.27K","-0.07%"
"2022- 11- 01","3.4570","3.3620","3.4835","3.3610","14.76K","2.96%"
"2022- 10- 31","3.3575","3.4090","3.4280","3.3480","15.27K","-1.64%"
"2022- 10- 28","3.4135","3.5125","3.5125","3.4030","15.71K","-2.54%"
"2022- 10- 27","3.5025","3.5180","3.5365","3.4735","15.23K","-0.62%"
"2022- 10- 26","3.5245","3.3910","3.5325","3.3710","21.53K","4.14%"
"2022- 10- 25","3.3845","3.4160","3.4250","3.3510","12.76K","-0.95%"
"2022- 10- 24","3.4170","3.4700","3.4855","3.4030","14.29K","-1.14%"
"2022- 10- 21","3.4565","3.3860","3.4630","3.3365","19.94K","1.62%"
"2022- 10- 20","3.4015","3.3185","3.4260","3.2980","15.87K","2.73%"
"2022- 10- 19","3.3110","3.3495","3.3665","3.3010","13.42K","-1.19%"
"2022- 10- 18","3.3510","3.3985","3.4205","3.3280","13.63K","-1.47%"
"2022- 10- 17","3.4010","3.3940","3.4500","3.3750","9.66K","-0.10%"
"2022- 10- 14","3.4045","3.4430","3.4800","3.3840","10.90K","-0.54%"
"2022- 10- 13","3.4230","3.4095","3.4595","3.3375","9.77K","0.44%"
"2022- 10- 12","3.4080","3.4075","3.4475","3.3830","8.70K","-1.09%"
"2022- 10- 11","3.4455","3.4150","3.4560","3.3685","8.11K","1.00%"
"2022- 10- 10","3.4115","3.3615","3.4550","3.3560","8.92K","1.28%"
"2022- 10- 07","3.3685","3.4205","3.4325","3.3560","10.20K","-1.76%"
"2022- 10- 06","3.4290","3.4850","3.5680","3.4140","10.42K","-1.55%"
"2022- 10- 05","3.4830","3.4780","3.5315","3.4285","8.66K","0.36%"
"2022- 10- 04","3.4705","3.4015","3.5110","3.3865","10.44K","2.33%"
"2022- 10- 03","3.3915","3.3765","3.4040","3.3355","8.13K","-0.07%"
"2022- 09- 30","3.3940","3.4135","3.4550","3.3720","9.96K","-0.26%"
"2022- 09- 29","3.4030","3.3690","3.4190","3.2970","8.69K","1.67%"
"2022- 09- 28","3.3470","3.2845","3.3780","3.2370","8.42K","2.18%"
"2022- 09- 27","3.2755","3.2865","3.3425","3.2610","6.29K","-0.30%"
"2022- 09- 26","3.2855","3.3435","3.3565","3.2690","8.61K","-1.54%"
"2022- 09- 23","3.3370","3.4555","3.4620","3.3225","11.23K","-3.60%"
"2022- 09- 22","3.4615","3.4310","3.5100","3.4135","5.36K","0.09%"
"2022- 09- 21","3.4585","3.4900","3.5060","3.3960","7.53K","-1.06%"
"2022- 09- 20","3.4955","3.5220","3.5380","3.4760","6.50K","-0.26%"
"2022- 09- 19","3.5045","3.5380","3.5435","3.4665","5.87K","-0.01%"
"2022- 09- 16","3.5050","3.4530","3.5295","3.4195","6.99K","0.72%"
"2022- 09- 15","3.4800","3.5090","3.5445","3.4575","6.62K","-0.95%"
"2022- 09- 14","3.5135","3.5240","3.5495","3.4965","7.53K","-0.97%"
"2022- 09- 13","3.5480","3.6075","3.6810","3.5155","10.16K","-1.53%"
"2022- 09- 12","3.6030","3.5565","3.6150","3.5260","6.33K","1.17%"
"2022- 09- 09","3.5615","3.5485","3.6180","3.5300","5.04K","1.12%"
"2022- 09- 08","3.5220","3.4440","3.5500","3.4390","7.24K","2.79%"
"2022- 09- 07","3.4265","3.4530","3.4610","3.4020","4.31K","-0.94%"
"2022- 09- 06","3.4590","3.3955","3.4945","3.3615","7.30K","0.16%"
"2022- 09- 05","3.4535","3.3887","3.4660","3.3857","","1.91%"
"2022- 09- 04","3.3887","3.3950","3.4000","3.3613","","-0.60%"
"2022- 09- 02","3.4090","3.4075","3.4515","3.3805","4.85K","0.12%"
"2022- 09- 01","3.4050","3.5155","3.5155","3.4020","6.88K","-3.18%"
"2022- 08- 31","3.5170","3.5590","3.6010","3.4500","7.33K","-1.10%"
"2022- 08- 30","3.5560","3.6100","3.6365","3.5415","6.69K","-1.60%"
"2022- 08- 29","3.6140","3.7015","3.7015","3.5665","3.44K","-2.28%"
"2022- 08- 26","3.6985","3.6935","3.7790","3.6850","3.54K","0.05%"
"2022- 08- 25","3.6965","3.6455","3.7090","3.6400","4.34K","1.25%"
"2022- 08- 24","3.6510","3.6780","3.6945","3.6285","5.26K","-1.11%"
"2022- 08- 23","3.6920","3.6615","3.7210","3.6400","6.44K","0.97%"
"2022- 08- 22","3.6565","3.6720","3.7000","3.6115","5.28K","-0.54%"
"2022- 08- 19","3.6765","3.6535","3.6825","3.6185","3.75K","0.99%"
"2022- 08- 18","3.6405","3.5815","3.6720","3.5600","7.07K","1.22%"
"2022- 08- 17","3.5965","3.6355","3.6615","3.5875","2.95K","-1.13%"
"2022- 08- 16","3.6375","3.6195","3.6540","3.6070","3.43K","0.10%"
"2022- 08- 15","3.6340","3.6790","3.6875","3.5715","3.71K","-1.40%"
"2022- 08- 12","3.6855","3.7000","3.7270","3.6600","2.90K","-0.97%"
"2022- 08- 11","3.7215","3.6545","3.7230","3.6545","4.29K","1.50%"
"2022- 08- 10","3.6665","3.6095","3.6720","3.5735","4.48K","1.66%"
"2022- 08- 09","3.6065","3.6110","3.6440","3.5935","4.03K","0.00%"
"2022- 08- 08","3.6065","3.5600","3.6400","3.5590","4.91K","0.88%"
"2022- 08- 05","3.5750","3.5270","3.6025","3.5100","4.92K","2.06%"
"2022- 08- 04","3.5030","3.4920","3.5275","3.4440","3.53K","0.53%"
"2022- 08- 03","3.4845","3.4890","3.5390","3.4670","3.22K","-1.39%"
"2022- 08- 02","3.5335","3.5475","3.5550","3.4730","3.49K","-0.72%"
"2022- 08- 01","3.5590","3.5670","3.5925","3.5305","3.38K","-0.79%"
"2022- 07- 29","3.5875","3.5235","3.6070","3.4895","3.05K","2.59%"
"2022- 07- 28","3.4970","3.4935","3.5395","3.4735","3.16K","1.39%"
"2022- 07- 27","3.4490","3.4040","3.4930","3.3900","2.84K","1.25%"
"2022- 07- 26","3.4065","3.3880","3.4775","3.3880","2.02K","0.93%"
"2022- 07- 25","3.3750","3.3480","3.4035","3.3340","3.38K","0.43%"
"2022- 07- 22","3.3605","3.3180","3.4005","3.3180","1.98K","1.51%"
"2022- 07- 21","3.3105","3.3270","3.3270","3.2685","2.08K","-0.87%"
"2022- 07- 20","3.3395","3.3510","3.3800","3.3160","1.40K","1.06%"
"2022- 07- 19","3.3045","3.3180","3.3180","3.2660","1.29K","-1.58%"
"2022- 07- 18","3.3575","3.2590","3.3815","3.2265","2.29K","3.55%"
"2022- 07- 15","3.2425","3.2375","3.2705","3.1425","2.44K","0.92%"
"2022- 07- 14","3.2130","3.3170","3.3200","3.1885","2.88K","-3.40%"
"2022- 07- 13","3.3260","3.2500","3.3420","3.2275","2.47K","1.06%"
"2022- 07- 12","3.2910","3.4185","3.4495","3.2580","2.47K","-4.08%"
"2022- 07- 11","3.4310","3.4560","3.4925","3.3990","1.49K","-2.74%"
"2022- 07- 08","3.5275","3.5400","3.5645","3.4540","1.39K","-1.38%"
"2022- 07- 07","3.5770","3.4100","3.5795","3.4040","2.67K","4.82%"
"2022- 07- 06","3.4125","3.4530","3.4650","3.3085","3.75K","-0.52%"
"2022- 07- 05","3.4305","3.5980","3.6295","3.4200","2.11K","-4.28%"
"2022- 07- 04","3.5840","3.6117","3.6172","3.5457","","-0.76%"
"2022- 07- 03","3.6115","3.6120","3.6235","3.6080","","-0.23%"
"2022- 07- 01","3.6200","3.7045","3.7060","3.5800","1.94K","-2.94%"
"2022- 06- 30","3.7295","3.7850","3.7850","3.6950","1.41K","-1.82%"
"2022- 06- 29","3.7985","3.7520","3.8325","3.7300","0.67K","0.05%"
"2022- 06- 28","3.7965","3.8495","3.8640","3.7690","0.73K","0.37%"
"2022- 06- 27","3.7825","3.8015","3.8220","3.7675","0.83K","0.45%"
"2022- 06- 24","3.7655","3.7815","3.8075","3.6855","1.69K","-0.13%"
"2022- 06- 23","3.7705","3.9040","3.9260","3.7620","0.87K","-4.95%"
"2022- 06- 22","3.9670","3.9925","3.9925","3.9100","1.72K","-2.31%"
"2022- 06- 21","4.0610","4.0315","4.0915","3.9890","1.19K","1.25%"
"2022- 06- 20","4.0110","4.0385","4.0385","3.9460","","-0.66%"
"2022- 06- 19","4.0375","4.0228","4.0400","4.0180","","-0.19%"
"2022- 06- 17","4.0450","4.1285","4.1460","4.0300","0.88K","-2.32%"
"2022- 06- 16","4.1410","4.1530","4.1530","4.0865","1.33K","-1.29%"
"2022- 06- 15","4.1950","4.2150","4.2250","4.1500","1.13K","0.12%"
"2022- 06- 14","4.1900","4.2430","4.2430","4.1680","1.23K","-1.05%"
"2022- 06- 13","4.2345","4.2600","4.2770","4.2055","1.13K","-1.93%"
"2022- 06- 10","4.3180","4.3620","4.3925","4.3020","1.34K","-1.77%"
"2022- 06- 09","4.3960","4.4230","4.4330","4.3800","1.03K","-1.41%"
"2022- 06- 08","4.4590","4.4295","4.4595","4.4265","0.60K","0.13%"
"2022- 06- 07","4.4530","4.4230","4.4550","4.3925","1.62K","0.00%"
"2022- 06- 06","4.4530","4.4430","4.4650","4.4350","2.64K","-0.98%"
"2022- 06- 03","4.4970","4.5595","4.5600","4.4940","0.33K","-1.60%"
"2022- 06- 02","4.5700","4.3340","4.5765","4.3340","0.57K","5.12%"
"2022- 06- 01","4.3475","4.3155","4.3645","4.3040","0.75K","0.67%"
"2022- 05- 31","4.3185","4.3555","4.3600","4.3080","1.17K","-0.36%"
"2022- 05- 30","4.3340","4.3225","4.3595","4.3098","","0.25%"
"2022- 05- 29","4.3232","4.3215","4.3260","4.3170","","-0.19%"
"2022- 05- 27","4.3315","4.3205","4.3465","4.3035","0.39K","1.11%"
"2022- 05- 26","4.2840","4.2680","4.2875","4.2680","0.48K","0.12%"
"2022- 05- 25","4.2790","4.2920","4.2930","4.2705","1.02K","-0.98%"
"2022- 05- 24","4.3215","4.3390","4.3390","4.2985","0.57K","-0.78%"
"2022- 05- 23","4.3555","4.3340","4.3605","4.3325","0.61K","1.59%"
"2022- 05- 20","4.2875","4.3180","4.3190","4.2705","0.38K","-0.06%"
"2022- 05- 19","4.2900","4.2265","4.3000","4.2235","0.79K","2.30%"
"2022- 05- 18","4.1935","4.2210","4.2300","4.1720","0.65K","-1.42%"
"2022- 05- 17","4.2540","4.2480","4.2905","4.2280","0.43K","1.07%"
"2022- 05- 16","4.2090","4.2000","4.2155","4.1720","0.70K","0.32%"
"2022- 05- 13","4.1955","4.1450","4.1965","4.1060","0.35K","1.67%"
"2022- 05- 12","4.1265","4.2040","4.2040","4.0700","1.06K","-2.53%"
"2022- 05- 11","4.2335","4.2545","4.2740","4.2055","0.94K","1.17%"
"2022- 05- 10","4.1845","4.2620","4.2620","4.1600","1.02K","-0.89%"
"2022- 05- 09","4.2220","4.2600","4.2600","4.1625","1.04K","-1.67%"
"2022- 05- 06","4.2935","4.3290","4.3290","4.2795","0.65K","-0.36%"
"2022- 05- 05","4.3090","4.4310","4.4310","4.3000","0.37K","-1.01%"
"2022- 05- 04","4.3530","4.3305","4.3905","4.2900","0.60K","1.17%"
"2022- 05- 03","4.3025","4.3385","4.3425","4.2885","0.32K","0.43%"
"2022- 05- 02","4.2840","4.4065","4.4065","4.2365","0.36K","-3.18%"
"2022- 04- 29","4.4245","4.4380","4.4540","4.4000","0.54K","-0.70%"
"2022- 04- 28","4.4555","4.4760","4.4770","4.4115","0.34K","-0.96%"
"2022- 04- 27","4.4985","4.5085","4.5085","4.4725","0.60K","0.21%"
"2022- 04- 26","4.4890","4.5170","4.5170","4.4500","0.29K","-0.19%"
"2022- 04- 25","4.4975","4.5500","4.5570","4.4800","0.46K","-2.73%"
"2022- 04- 22","4.6235","4.6750","4.6830","4.6195","0.42K","-2.33%"
"2022- 04- 21","4.7340","4.7035","4.7340","4.7035","0.46K","1.01%"
"2022- 04- 20","4.6865","4.6800","4.6870","4.6730","0.35K","-1.19%"
"2022- 04- 19","4.7430","4.7245","4.7245","4.7200","0.23K","-1.59%"
"2022- 04- 18","4.8195","4.7165","4.8255","4.7165","0.12K","2.10%"
"2022- 04- 15","4.7205","4.7205","4.7205","4.7205","","-0.34%"
"2022- 04- 14","4.7365","4.7130","4.7350","4.7130","0.22K","0.10%"
"2022- 04- 13","4.7320","4.7020","4.7100","4.7020","0.21K","-0.10%"
"2022- 04- 12","4.7365","4.6840","4.7460","4.6840","0.52K","1.75%"
"2022- 04- 11","4.6550","4.6900","4.7260","4.6550","0.23K","-1.72%"
"2022- 04- 08","4.7365","4.7500","4.7500","4.7360","0.24K","0.69%"
"2022- 04- 07","4.7040","4.7165","4.7185","4.7075","0.10K","-0.62%"
"2022- 04- 06","4.7335","4.7405","4.7810","4.7045","0.11K","-1.15%"
"2022- 04- 05","4.7885","4.8100","4.8100","4.8100","0.14K","0.46%"
"2022- 04- 04","4.7665","4.6985","4.7590","4.6985","0.12K","1.88%"
"2022- 04- 01","4.6785","4.6900","4.6970","4.6865","0.03K","-1.26%"
"2022- 03- 31","4.7380","4.7335","4.7340","4.7155","0.04K","0.11%"
"2022- 03- 30","4.7330","4.7900","4.7900","4.7170","0.04K","0.47%"
"2022- 03- 29","4.7110","4.7250","4.7250","4.6880","0.04K","-0.02%"
"2022- 03- 28","4.7120","4.6960","4.7390","4.6420","0.03K","0.57%"
"2022- 03- 25","4.6855","4.6890","4.6890","4.6850","0.04K","-0.86%"
"2022- 03- 24","4.7260","4.7760","4.8175","4.7085","0.14K","-0.49%"
"2022- 03- 23","4.7495","4.7300","4.7300","4.7300","0.08K","1.47%"
"2022- 03- 22","4.6805","4.6870","4.6870","4.6870","0.02K","-0.17%"
"2022- 03- 21","4.6885","4.6400","4.6400","4.6400","0.03K","-1.08%"
"2022- 03- 18","4.7395","4.7020","4.7600","4.6730","39.26K","0.80%"
"2022- 03- 17","4.7020","4.6210","4.7170","4.6105","45.49K","2.21%"
"2022- 03- 16","4.6005","4.5010","4.6405","4.4985","46.02K","1.94%"
"2022- 03- 15","4.5130","4.5155","4.5430","4.4685","47.63K","-0.22%"
"2022- 03- 14","4.5230","4.5980","4.6155","4.4960","50.65K","-2.22%"
"2022- 03- 11","4.6255","4.6335","4.7240","4.5945","40.58K","-0.58%"
"2022- 03- 10","4.6525","4.5965","4.6785","4.5740","45.46K","1.75%"
"2022- 03- 09","4.5725","4.7105","4.7885","4.5530","60.81K","-2.92%"
"2022- 03- 08","4.7100","4.7450","4.9670","4.6030","89.60K","-0.44%"
"2022- 03- 07","4.7310","4.9200","5.0395","4.6680","96.67K","-4.18%"
"2022- 03- 04","4.9375","4.7825","4.9490","4.7510","97.43K","3.26%"
"2022- 03- 03","4.7815","4.6710","4.7985","4.6615","91.70K","2.49%"
"2022- 03- 02","4.6655","4.5710","4.7050","4.5525","79.62K","1.50%"
"2022- 03- 01","4.5965","4.5060","4.6020","4.4920","69.00K","3.19%"
"2022- 02- 28","4.4545","4.4925","4.5320","4.4500","59.50K","-0.68%"
"2022- 02- 25","4.4850","4.5075","4.5285","4.4560","57.82K","0.61%"
"2022- 02- 24","4.4580","4.4685","4.5835","4.4465","0.88K","-0.61%"
"2022- 02- 23","4.4855","4.5170","4.5355","4.4550","1.12K","-0.64%"
"2022- 02- 22","4.5145","4.5130","4.5470","4.4780","1.43K","0.76%"
"2022- 02- 21","4.4805","4.5205","4.5440","4.4675","","-0.88%"
"2022- 02- 20","4.5205","4.5165","4.5217","4.5060","","-0.08%"
"2022- 02- 18","4.5240","4.5065","4.5720","4.5065","0.19K","-0.06%"
"2022- 02- 17","4.5265","4.5465","4.5465","4.4760","0.25K","-0.29%"
"2022- 02- 16","4.5395","4.5350","4.5885","4.5205","0.33K","0.11%"
"2022- 02- 15","4.5345","4.4825","4.5415","4.4825","0.21K","0.61%"
"2022- 02- 14","4.5070","4.4695","4.5125","4.4510","0.18K","-0.03%"
"2022- 02- 11","4.5085","4.6120","4.6120","4.4610","0.48K","-3.21%"
"2022- 02- 10","4.6580","4.6170","4.6990","4.5865","0.55K","1.22%"
"2022- 02- 09","4.6020","4.4560","4.6325","4.4295","0.31K","3.08%"
"2022- 02- 08","4.4645","4.4815","4.4825","4.4170","0.28K","-0.07%"
"2022- 02- 07","4.4675","4.5105","4.5145","4.4500","0.32K","-0.50%"
"2022- 02- 04","4.4900","4.5040","4.5125","4.4305","0.20K","0.40%"
"2022- 02- 03","4.4720","4.4785","4.4785","4.4600","0.12K","-0.48%"
"2022- 02- 02","4.4935","4.4365","4.5015","4.4365","0.22K","1.40%"
"2022- 02- 01","4.4315","4.3300","4.4415","4.3275","0.18K","2.43%"
"2022- 01- 31","4.3265","4.3360","4.3490","4.2870","0.17K","0.32%"
"2022- 01- 28","4.3125","4.4120","4.4120","4.3080","0.46K","-2.51%"
"2022- 01- 27","4.4235","4.4570","4.4910","4.3990","69.84K","-2.03%"
"2022- 01- 26","4.5150","4.4565","4.5345","4.4190","62.13K","1.46%"
"2022- 01- 25","4.4500","4.4560","4.4780","4.3855","54.59K","0.85%"
"2022- 01- 24","4.4125","4.5220","4.5380","4.3865","79.00K","-2.46%"
"2022- 01- 21","4.5240","4.5295","4.5805","4.4840","68.20K","-1.28%"
"2022- 01- 20","4.5825","4.4490","4.5860","4.4440","73.19K","2.52%"
"2022- 01- 19","4.4700","4.4035","4.4885","4.3920","61.27K","2.00%"
"2022- 01- 18","4.3825","4.4310","4.4490","4.3760","87.04K","-1.15%"
"2022- 01- 17","4.4335","4.4443","4.4455","4.3827","","-0.23%"
"2022- 01- 16","4.4435","4.4280","4.4470","4.4280","","0.52%"
"2022- 01- 14","4.4205","4.5115","4.5475","4.4125","70.02K","-2.76%"
"2022- 01- 13","4.5460","4.5570","4.5770","4.5045","62.79K","-0.67%"
"2022- 01- 12","4.5765","4.4315","4.6010","4.4200","106.93K","3.33%"
"2022- 01- 11","4.4290","4.3720","4.4385","4.3660","46.66K","1.77%"
"2022- 01- 10","4.3520","4.4015","4.4310","4.3305","45.32K","-1.32%"
"2022- 01- 07","4.4100","4.3540","4.4175","4.3435","46.40K","1.27%"
"2022- 01- 06","4.3545","4.3920","4.4080","4.3135","56.25K","-1.34%"
"2022- 01- 05","4.4135","4.4725","4.4730","4.3720","51.73K","-1.37%"
"2022- 01- 04","4.4750","4.4245","4.4785","4.3780","55.94K","1.21%"
"2022- 01- 03","4.4215","4.4585","4.4805","4.3350","38.42K","-0.94%"
"2021- 12- 31","4.4635","4.3895","4.4740","4.3820","36.98K","1.62%"
"2021- 12- 30","4.3925","4.4170","4.4355","4.3795","35.14K","-0.40%"
"2021- 12- 29","4.4100","4.4400","4.4400","4.3950","0.81K","-0.44%"
"2021- 12- 28","4.4295","4.4395","4.4900","4.4245","0.31K","-0.89%"
"2021- 12- 27","4.4695","4.3890","4.4865","4.3600","0.16K","1.46%"
"2021- 12- 24","4.4050","4.4050","4.4050","4.4050","","0.35%"
"2021- 12- 23","4.3895","4.3855","4.4030","4.3450","0.28K","0.01%"
"2021- 12- 22","4.3890","4.3470","4.3910","4.3470","0.40K","1.07%"
"2021- 12- 21","4.3425","4.3335","4.3460","4.3290","0.20K","1.22%"
"2021- 12- 20","4.2900","4.2800","4.2995","4.2305","0.33K","-0.06%"
"2021- 12- 17","4.2925","4.3190","4.3210","4.2705","0.16K","-0.23%"
"2021- 12- 16","4.3025","4.2400","4.3165","4.2385","0.28K","2.92%"
"2021- 12- 15","4.1805","4.2660","4.2660","4.1170","0.22K","-1.75%"
"2021- 12- 14","4.2550","4.2720","4.2910","4.2555","0.06K","-0.62%"
"2021- 12- 13","4.2815","4.3220","4.3220","4.2760","0.08K","-0.08%"
"2021- 12- 10","4.2850","4.3230","4.3530","4.2800","0.14K","-1.08%"
"2021- 12- 09","4.3320","4.3685","4.3715","4.3000","0.09K","-1.38%"
"2021- 12- 08","4.3925","4.3480","4.3840","4.3235","0.18K","1.23%"
"2021- 12- 07","4.3390","4.3180","4.3545","4.3140","0.04K","0.03%"
"2021- 12- 06","4.3375","4.2955","4.3420","4.2690","0.05K","1.68%"
"2021- 12- 03","4.2660","4.2780","4.3205","4.2635","0.30K","-0.78%"
"2021- 12- 02","4.2995","4.2405","4.3070","4.2405","0.16K","1.24%"
"2021- 12- 01","4.2470","4.3155","4.3455","4.2100","0.12K","-0.78%"
"2021- 11- 30","4.2805","4.3570","4.3635","4.2750","0.24K","-1.41%"
"2021- 11- 29","4.3415","4.3375","4.3680","4.3240","0.42K","1.26%"
"2021- 11- 26","4.2875","4.4730","4.5015","4.2860","1.59K","-3.43%"
"2021- 11- 25","4.4400","4.4700","4.5000","4.4165","","-0.55%"
"2021- 11- 24","4.4645","4.4210","4.4930","4.3925","1.61K","0.93%"
"2021- 11- 23","4.4235","4.3910","4.4500","4.3745","0.43K","0.59%"
"2021- 11- 22","4.3975","4.3940","4.4210","4.3505","0.73K","-0.06%"
"2021- 11- 19","4.4000","4.2995","4.4120","4.2995","1.02K","2.21%"
"2021- 11- 18","4.3050","4.2295","4.3220","4.2280","0.85K","0.87%"
"2021- 11- 17","4.2680","4.3490","4.3615","4.1975","0.48K","-1.99%"
"2021- 11- 16","4.3545","4.4155","4.4420","4.3330","0.37K","-1.05%"
"2021- 11- 15","4.4005","4.4540","4.4795","4.3930","0.37K","-1.05%"
"2021- 11- 12","4.4470","4.4050","4.4530","4.3775","0.28K","1.11%"
"2021- 11- 11","4.3980","4.3370","4.4200","4.3350","0.18K","1.73%"
"2021- 11- 10","4.3230","4.3675","4.4100","4.2880","0.30K","-1.13%"
"2021- 11- 09","4.3725","4.4075","4.4350","4.3385","0.18K","-0.50%"
"2021- 11- 08","4.3945","4.3750","4.4075","4.3335","0.27K","1.36%"
"2021- 11- 05","4.3355","4.3160","4.3500","4.2790","0.13K","0.61%"
"2021- 11- 04","4.3090","4.3465","4.3865","4.2755","0.07K","0.00%"
"2021- 11- 03","4.3090","4.3585","4.4300","4.2750","0.21K","-0.98%"
"2021- 11- 02","4.3515","4.3650","4.3745","4.3205","0.33K","-0.63%"
"2021- 11- 01","4.3790","4.3790","4.3885","4.3255","0.18K","0.46%"
"2021- 10- 29","4.3590","4.4155","4.4280","4.3300","0.35K","-1.55%"
"2021- 10- 28","4.4275","4.3640","4.4455","4.3500","0.19K","0.87%"
"2021- 10- 27","4.3895","4.4955","4.5100","4.3630","71.05K","-2.15%"
"2021- 10- 26","4.4860","4.5300","4.5545","4.4720","58.89K","-0.93%"
"2021- 10- 25","4.5280","4.5140","4.5685","4.5015","54.92K","0.67%"
"2021- 10- 22","4.4980","4.5625","4.6190","4.4610","88.78K","-1.33%"
"2021- 10- 21","4.5585","4.7335","4.7575","4.5370","82.45K","-3.72%"
"2021- 10- 20","4.7345","4.6875","4.7490","4.5935","71.77K","0.67%"
"2021- 10- 19","4.7030","4.7160","4.8150","4.6685","73.56K","-0.48%"
"2021- 10- 18","4.7255","4.7305","4.8230","4.6855","76.63K","-0.08%"
"2021- 10- 15","4.7295","4.6185","4.7810","4.6035","95.10K","2.12%"
"2021- 10- 14","4.6315","4.4905","4.6365","4.4830","91.56K","2.56%"
"2021- 10- 13","4.5160","4.3225","4.5280","4.3050","104.41K","4.40%"
"2021- 10- 12","4.3255","4.3390","4.3955","4.2865","65.22K","-0.94%"
"2021- 10- 11","4.3665","4.2795","4.3850","4.2555","60.62K","2.13%"
"2021- 10- 08","4.2755","4.2495","4.3010","4.2225","51.72K","0.75%"
"2021- 10- 07","4.2435","4.1755","4.2600","4.1625","41.51K","2.31%"
"2021- 10- 06","4.1475","4.1820","4.2185","4.1140","48.58K","-1.07%"
"2021- 10- 05","4.1925","4.2390","4.2420","4.1510","41.33K","-1.09%"
"2021- 10- 04","4.2385","4.2145","4.3030","4.1775","45.60K","1.19%"
"2021- 10- 01","4.1885","4.1065","4.2100","4.0585","51.97K","2.43%"
"2021- 09- 30","4.0890","4.1775","4.2080","4.0545","72.32K","-2.62%"
"2021- 09- 29","4.1990","4.2485","4.2575","4.1665","47.16K","-1.17%"
"2021- 09- 28","4.2485","4.2760","4.3000","4.2325","0.51K","-0.99%"
"2021- 09- 27","4.2910","4.2890","4.3080","4.2580","0.50K","0.15%"
"2021- 09- 24","4.2845","4.2290","4.2990","4.2200","0.50K","1.26%"
"2021- 09- 23","4.2310","4.2250","4.2670","4.1965","0.22K","-0.49%"
"2021- 09- 22","4.2520","4.1135","4.2740","4.1105","0.33K","3.05%"
"2021- 09- 21","4.1260","4.1375","4.1785","4.0205","0.42K","0.30%"
"2021- 09- 20","4.1135","4.2190","4.2340","4.0940","0.30K","-3.09%"
"2021- 09- 17","4.2445","4.2940","4.3530","4.2380","0.31K","-0.83%"
"2021- 09- 16","4.2800","4.4030","4.4030","4.2560","0.14K","-2.82%"
"2021- 09- 15","4.4040","4.3090","4.4185","4.3090","0.18K","1.97%"
"2021- 09- 14","4.3190","4.3630","4.3630","4.2950","0.32K","-1.05%"
"2021- 09- 13","4.3650","4.4240","4.4675","4.3315","0.45K","-1.91%"
"2021- 09- 10","4.4500","4.2820","4.4610","4.2770","0.59K","3.87%"
"2021- 09- 09","4.2840","4.2240","4.2985","4.2220","0.23K","1.22%"
"2021- 09- 08","4.2325","4.2745","4.2960","4.2060","0.28K","-1.10%"
"2021- 09- 07","4.2795","4.3285","4.3435","4.2560","0.21K","-1.21%"
"2021- 09- 06","4.3320","4.3325","4.3457","4.3040","","-0.01%"
"2021- 09- 05","4.3325","4.3350","4.3422","4.3315","","0.03%"
"2021- 09- 03","4.3310","4.2920","4.3380","4.2885","0.16K","0.73%"
"2021- 09- 02","4.2995","4.2805","4.3030","4.2670","0.12K","0.60%"
"2021- 09- 01","4.2740","4.3615","4.3615","4.2545","0.26K","-2.20%"
"2021- 08- 31","4.3700","4.3740","4.3800","4.3370","0.71K","-0.02%"
"2021- 08- 30","4.3710","4.3345","4.3965","4.3330","0.57K","1.10%"
"2021- 08- 27","4.3235","4.2390","4.3325","4.2295","1.66K","1.68%"
"2021- 08- 26","4.2520","4.2685","4.2750","4.2240","0.78K","-0.42%"
"2021- 08- 25","4.2700","4.2480","4.3000","4.2420","0.56K","0.23%"
"2021- 08- 24","4.2600","4.2095","4.2950","4.1945","0.37K","0.92%"
"2021- 08- 23","4.2210","4.1370","4.2335","4.1370","0.47K","2.31%"
"2021- 08- 20","4.1255","4.0475","4.1380","4.0460","1.28K","2.10%"
"2021- 08- 19","4.0405","4.1135","4.1285","3.9675","0.64K","-1.86%"
"2021- 08- 18","4.1170","4.2220","4.2415","4.0975","0.39K","-2.01%"
"2021- 08- 17","4.2015","4.3265","4.3265","4.2000","0.35K","-2.74%"
"2021- 08- 16","4.3200","4.3420","4.3600","4.2995","0.77K","-1.43%"
"2021- 08- 13","4.3825","4.3500","4.4185","4.3500","0.11K","0.75%"
"2021- 08- 12","4.3500","4.3975","4.3990","4.3335","0.12K","-0.23%"
"2021- 08- 11","4.3600","4.3415","4.3630","4.3225","0.10K","0.32%"
"2021- 08- 10","4.3460","4.2865","4.3530","4.2865","0.08K","1.49%"
"2021- 08- 09","4.2820","4.3000","4.3210","4.2400","0.36K","-1.31%"
"2021- 08- 06","4.3390","4.3325","4.3830","4.3245","0.50K","0.12%"
"2021- 08- 05","4.3340","4.3275","4.3400","4.3000","0.11K","0.29%"
"2021- 08- 04","4.3215","4.3790","4.3870","4.3100","0.17K","-1.23%"
"2021- 08- 03","4.3755","4.4160","4.4245","4.3335","0.22K","-0.96%"
"2021- 08- 02","4.4180","4.4785","4.5000","4.4000","0.59K","-1.06%"
"2021- 07- 30","4.4655","4.5085","4.5085","4.4475","0.12K","-0.93%"
"2021- 07- 29","4.5075","4.4695","4.5095","4.4695","0.29K","0.57%"
"2021- 07- 28","4.4820","4.5580","4.5875","4.4295","79.78K","-1.38%"
"2021- 07- 27","4.5445","4.5930","4.6275","4.5050","86.63K","-0.88%"
"2021- 07- 26","4.5850","4.4490","4.6085","4.4190","106.74K","4.20%"
"2021- 07- 23","4.4000","4.3375","4.4605","4.3335","88.24K","1.44%"
"2021- 07- 22","4.3375","4.2800","4.3445","4.2730","57.62K","1.53%"
"2021- 07- 21","4.2720","4.2595","4.2900","4.2260","51.38K","0.21%"
"2021- 07- 20","4.2630","4.2010","4.2700","4.1945","63.30K","1.46%"
"2021- 07- 19","4.2015","4.3100","4.3100","4.1665","99.00K","-2.81%"
"2021- 07- 16","4.3230","4.3115","4.3445","4.3015","45.62K","0.00%"
"2021- 07- 15","4.3230","4.2660","4.3465","4.2515","66.98K","1.30%"
"2021- 07- 14","4.2675","4.2925","4.3070","4.2575","51.69K","-0.92%"
"2021- 07- 13","4.3070","4.3290","4.3425","4.2550","62.16K","-0.21%"
"2021- 07- 12","4.3160","4.3465","4.3640","4.2805","55.99K","-0.68%"
"2021- 07- 09","4.3455","4.2700","4.3690","4.2535","81.77K","1.90%"
"2021- 07- 08","4.2645","4.3080","4.3240","4.2325","72.14K","-1.34%"
"2021- 07- 07","4.3225","4.2505","4.3620","4.2475","81.23K","1.68%"
"2021- 07- 06","4.2510","4.2810","4.4025","4.2340","147.24K","-2.14%"
"2021- 07- 05","4.3440","4.3135","4.3575","4.3090","","1.59%"
"2021- 07- 02","4.2760","4.2425","4.2945","4.2275","52.90K","0.94%"
"2021- 07- 01","4.2360","4.2890","4.3145","4.2265","70.96K","-1.24%"
"2021- 06- 30","4.2890","4.2575","4.3350","4.2515","71.40K","0.57%"
"2021- 06- 29","4.2645","4.2780","4.2810","4.2030","68.65K","-0.36%"
"2021- 06- 28","4.2800","4.2845","4.3045","4.2535","1.44K","-0.24%"
"2021- 06- 25","4.2905","4.3145","4.3305","4.2675","0.83K","-0.38%"
"2021- 06- 24","4.3070","4.3135","4.3210","4.2615","0.29K","-0.45%"
"2021- 06- 23","4.3265","4.2270","4.3380","4.2270","0.74K","2.41%"
"2021- 06- 22","4.2245","4.1790","4.2475","4.1730","0.53K","0.96%"
"2021- 06- 21","4.1845","4.1370","4.1895","4.1125","0.70K","0.55%"
"2021- 06- 18","4.1615","4.1775","4.2195","4.1250","0.27K","-0.50%"
"2021- 06- 17","4.1825","4.2780","4.3405","4.1600","0.62K","-4.69%"
"2021- 06- 16","4.3885","4.3405","4.4005","4.2745","0.73K","1.18%"
"2021- 06- 15","4.3375","4.5315","4.5315","4.3200","0.78K","-4.27%"
"2021- 06- 14","4.5310","4.5655","4.5705","4.5085","0.24K","-0.23%"
"2021- 06- 11","4.5415","4.4910","4.5950","4.4860","0.25K","1.17%"
"2021- 06- 10","4.4890","4.5195","4.5205","4.4480","0.30K","-1.00%"
"2021- 06- 09","4.5345","4.5440","4.5610","4.4900","0.20K","-0.54%"
"2021- 06- 08","4.5590","4.5225","4.5610","4.4730","0.25K","0.65%"
"2021- 06- 07","4.5295","4.5285","4.5330","4.4850","0.29K","-0.04%"
"2021- 06- 04","4.5315","4.4700","4.5380","4.4465","0.31K","1.46%"
"2021- 06- 03","4.4665","4.6095","4.6190","4.4335","0.47K","-2.80%"
"2021- 06- 02","4.5950","4.6575","4.6655","4.5850","0.19K","-1.32%"
"2021- 06- 01","4.6565","4.6925","4.6970","4.6460","0.32K","-0.52%"
"2021- 05- 31","4.6810","4.6930","4.7047","4.6525","","-0.27%"
"2021- 05- 30","4.6937","4.6723","4.6950","4.6697","","0.27%"
"2021- 05- 28","4.6810","4.6760","4.6810","4.6005","0.65K","0.32%"
"2021- 05- 27","4.6660","4.5190","4.6800","4.5090","0.84K","3.01%"
"2021- 05- 26","4.5295","4.5105","4.5470","4.4945","65.58K","0.51%"
"2021- 05- 25","4.5065","4.5315","4.5815","4.4910","86.45K","-0.42%"
"2021- 05- 24","4.5255","4.5020","4.5415","4.4440","79.53K","0.99%"
"2021- 05- 21","4.4810","4.5350","4.5625","4.4690","105.06K","-1.90%"
"2021- 05- 20","4.5680","4.5720","4.6250","4.5230","102.54K","-0.19%"
"2021- 05- 19","4.5765","4.7065","4.7280","4.5285","142.07K","-3.15%"
"2021- 05- 18","4.7255","4.7155","4.7820","4.7040","78.11K","0.30%"
"2021- 05- 17","4.7115","4.6675","4.7220","4.6405","76.76K","1.22%"
"2021- 05- 14","4.6545","4.6860","4.7120","4.6060","115.49K","-0.77%"
"2021- 05- 13","4.6905","4.7190","4.7675","4.6435","113.72K","-0.96%"
"2021- 05- 12","4.7360","4.8000","4.8245","4.7060","108.33K","-0.55%"
"2021- 05- 11","4.7620","4.6650","4.8035","4.6625","109.38K","0.98%"
"2021- 05- 10","4.7160","4.7800","4.8880","4.6875","160.25K","-0.68%"
"2021- 05- 07","4.7485","4.6090","4.7510","4.5975","120.25K","3.17%"
"2021- 05- 06","4.6025","4.5190","4.6125","4.5005","79.80K","1.74%"
"2021- 05- 05","4.5240","4.5560","4.5725","4.5035","64.61K","0.06%"
"2021- 05- 04","4.5215","4.5285","4.5625","4.4900","64.43K","-0.15%"
"2021- 05- 03","4.5285","4.4620","4.5355","4.4350","40.97K","1.35%"
"2021- 04- 30","4.4680","4.4830","4.5305","4.4460","74.28K","-0.41%"
"2021- 04- 29","4.4865","4.5000","4.5510","4.4645","92.26K","-0.26%"
"2021- 04- 28","4.4980","4.4830","4.5170","4.4175","2.64K","0.25%"
"2021- 04- 27","4.4870","4.4460","4.5225","4.4460","1.78K","0.99%"
"2021- 04- 26","4.4430","4.3385","4.4545","4.3355","1.66K","2.37%"
"2021- 04- 23","4.3400","4.2700","4.3475","4.2700","0.79K","1.45%"
"2021- 04- 22","4.2780","4.2940","4.2940","4.2560","0.90K","-0.15%"
"2021- 04- 21","4.2845","4.2150","4.3000","4.2150","1.03K","1.55%"
"2021- 04- 20","4.2190","4.2460","4.2965","4.2075","0.45K","-0.57%"
"2021- 04- 19","4.2430","4.1800","4.2800","4.1590","0.52K","1.70%"
"2021- 04- 16","4.1720","4.2375","4.2455","4.1680","0.28K","-1.21%"
"2021- 04- 15","4.2230","4.1215","4.2345","4.1115","0.73K","2.21%"
"2021- 04- 14","4.1315","4.0425","4.1360","4.0385","0.50K","2.35%"
"2021- 04- 13","4.0365","4.0120","4.0515","4.0120","0.42K","0.35%"
"2021- 04- 12","4.0225","4.0570","4.0620","3.9965","0.59K","-0.54%"
"2021- 04- 09","4.0445","4.0970","4.1005","4.0425","0.37K","-1.33%"
"2021- 04- 08","4.0990","4.0670","4.1000","4.0500","0.43K","1.02%"
"2021- 04- 07","4.0575","4.1085","4.1160","4.0380","0.24K","-1.47%"
"2021- 04- 06","4.1180","4.1365","4.1370","4.0815","0.15K","-0.52%"
"2021- 04- 05","4.1395","4.0345","4.1540","4.0345","0.34K","3.64%"
"2021- 04- 01","3.9940","3.9900","4.0140","3.9500","73.10K","-0.15%"
"2021- 03- 31","4.0000","3.9830","4.0135","3.9600","0.31K","0.45%"
"2021- 03- 30","3.9820","4.0360","4.0465","3.9700","0.08K","-1.30%"
"2021- 03- 29","4.0345","4.0800","4.0825","4.0080","61.61K","-0.82%"
"2021- 03- 26","4.0680","3.9970","4.0830","3.9940","63.83K","2.26%"
"2021- 03- 25","3.9780","4.0260","4.0460","3.9420","108.97K","-2.12%"
"2021- 03- 24","4.0640","4.0265","4.1050","4.0170","73.58K","-0.38%"
"2021- 03- 23","4.0795","4.1445","4.1650","4.0160","81.75K","-1.45%"
"2021- 03- 22","4.1395","4.1075","4.1480","4.0760","58.81K","0.64%"
"2021- 03- 19","4.1130","4.0630","4.1215","4.0105","75.17K","0.12%"
"2021- 03- 18","4.1080","4.1440","4.1570","4.0480","67.41K","-0.27%"
"2021- 03- 17","4.1190","4.0625","4.1615","4.0460","58.92K","1.17%"
"2021- 03- 16","4.0715","4.1415","4.1495","4.0405","72.25K","-1.67%"
"2021- 03- 15","4.1405","4.1600","4.1900","4.1105","60.22K","0.01%"
"2021- 03- 12","4.1400","4.1440","4.1580","4.0665","68.50K","0.02%"
"2021- 03- 11","4.1390","4.0355","4.1500","4.0095","89.65K","2.64%"
"2021- 03- 10","4.0325","4.0135","4.0625","3.9815","74.71K","0.60%"
"2021- 03- 09","4.0085","4.0795","4.1210","3.9720","105.19K","-2.06%"
"2021- 03- 08","4.0930","4.1170","4.1705","3.9965","112.00K","0.43%"
"2021- 03- 05","4.0755","3.9535","4.1105","3.9015","130.26K","2.44%"
"2021- 03- 04","3.9785","4.1065","4.1505","3.8490","172.33K","-3.95%"
"2021- 03- 03","4.1420","4.2080","4.2215","4.1020","106.17K","-1.89%"
"2021- 03- 02","4.2220","4.1005","4.2275","4.0415","125.09K","2.65%"
"2021- 03- 01","4.1130","4.1060","4.1810","4.0890","106.83K","0.50%"
"2021- 02- 26","4.0925","4.2055","4.2555","4.0765","176.04K","-4.01%"
"2021- 02- 25","4.2635","4.3215","4.3755","4.1910","167.03K","-0.88%"
"2021- 02- 24","4.3015","4.2080","4.3250","4.1460","2.49K","2.78%"
"2021- 02- 23","4.1850","4.1515","4.2295","4.0945","1.41K","0.93%"
"2021- 02- 22","4.1465","4.0750","4.2135","4.0750","2.04K","1.70%"
"2021- 02- 19","4.0770","3.9110","4.0950","3.8915","1.06K","4.40%"
"2021- 02- 18","3.9050","3.8295","3.9300","3.8290","0.51K","2.13%"
"2021- 02- 17","3.8235","3.8270","3.8375","3.7985","0.50K","-0.29%"
"2021- 02- 16","3.8345","3.8000","3.8410","3.8000","0.42K","0.33%"
"2021- 02- 15","3.8218","3.8005","3.8340","3.7997","","0.57%"
"2021- 02- 14","3.8003","3.7960","3.8087","3.7960","","0.34%"
"2021- 02- 12","3.7875","3.7680","3.7995","3.7430","0.21K","0.37%"
"2021- 02- 11","3.7735","3.7540","3.7825","3.7540","0.14K","0.01%"
"2021- 02- 10","3.7730","3.7245","3.7865","3.7245","0.13K","1.45%"
"2021- 02- 09","3.7190","3.6750","3.7195","3.6750","0.26K","1.43%"
"2021- 02- 08","3.6665","3.6485","3.6750","3.6265","0.11K","1.09%"
"2021- 02- 05","3.6270","3.5605","3.6360","3.5605","0.09K","2.03%"
"2021- 02- 04","3.5550","3.5665","3.5785","3.5435","0.19K","-0.29%"
"2021- 02- 03","3.5655","3.5115","3.5625","3.5100","0.17K","1.16%"
"2021- 02- 02","3.5245","3.5250","3.5315","3.5145","0.07K","-0.59%"
"2021- 02- 01","3.5455","3.5470","3.5810","3.5280","0.10K","-0.35%"
"2021- 01- 29","3.5580","3.5760","3.6035","3.5390","0.30K","-0.61%"
"2021- 01- 28","3.5800","3.5420","3.5905","3.5010","0.15K","0.63%"
"2021- 01- 27","3.5575","3.6170","3.6280","3.5205","105.18K","-1.71%"
"2021- 01- 26","3.6195","3.6295","3.6415","3.5810","60.31K","-0.28%"
"2021- 01- 25","3.6295","3.6215","3.6405","3.5920","63.75K","0.10%"
"2021- 01- 22","3.6260","3.6470","3.6520","3.5635","82.15K","-0.59%"
"2021- 01- 21","3.6475","3.6440","3.6735","3.6335","54.04K","0.16%"
"2021- 01- 20","3.6415","3.6270","3.6640","3.6160","52.14K","0.22%"
"2021- 01- 19","3.6335","3.5930","3.6535","3.5585","110.27K","0.46%"
"2021- 01- 18","3.6168","3.5762","3.6488","3.5737","","1.14%"
"2021- 01- 17","3.5760","3.6000","3.6060","3.5585","","-0.72%"
"2021- 01- 15","3.6020","3.6735","3.6840","3.5865","72.98K","-1.71%"
"2021- 01- 14","3.6645","3.6105","3.6750","3.6015","71.34K","1.31%"
"2021- 01- 13","3.6170","3.6460","3.6495","3.6050","64.87K","0.32%"
"2021- 01- 12","3.6055","3.5580","3.6485","3.5570","78.26K","1.15%"
"2021- 01- 11","3.5645","3.6925","3.6925","3.5515","95.19K","-2.97%"
"2021- 01- 08","3.6735","3.7060","3.7340","3.6290","106.39K","-0.61%"
"2021- 01- 07","3.6960","3.6615","3.7115","3.6405","63.68K","1.25%"
"2021- 01- 06","3.6505","3.6465","3.7075","3.6245","93.05K","0.30%"
"2021- 01- 05","3.6395","3.5560","3.6630","3.5560","65.95K","2.39%"
"2021- 01- 04","3.5545","3.5270","3.6070","3.5220","78.59K","0.98%"
"2021- 01- 01","3.5200","3.5200","3.5200","3.5200","","0.03%"
"2020- 12- 31","3.5190","3.5445","3.5595","3.5055","42.98K","-0.85%"
"2020- 12- 30","3.5490","3.5525","3.5830","3.5405","39.01K","-0.13%"
"2020- 12- 29","3.5535","3.5795","3.5805","3.5460","0.24K","-0.46%"
"2020- 12- 28","3.5700","3.5815","3.6100","3.5680","0.08K","0.24%"
"2020- 12- 24","3.5615","3.5545","3.5670","3.5485","0.07K","0.18%"
"2020- 12- 23","3.5550","3.5115","3.5585","3.4800","0.11K","1.02%"
"2020- 12- 22","3.5190","3.5775","3.5775","3.5085","0.44K","-1.58%"
"2020- 12- 21","3.5755","3.6280","3.6280","3.5470","0.11K","-1.50%"
"2020- 12- 18","3.6300","3.6000","3.6410","3.5945","0.13K","0.83%"
"2020- 12- 17","3.6000","3.5645","3.6080","3.5645","0.04K","1.19%"
"2020- 12- 16","3.5575","3.5430","3.5700","3.5385","0.09K","0.44%"
"2020- 12- 15","3.5420","3.5010","3.5485","3.5000","0.16K","0.51%"
"2020- 12- 14","3.5240","3.5355","3.5480","3.5065","0.18K","-0.06%"
"2020- 12- 11","3.5260","3.5955","3.6180","3.4935","0.09K","-1.30%"
"2020- 12- 10","3.5725","3.4935","3.5835","3.4855","0.08K","1.77%"
"2020- 12- 09","3.5105","3.5045","3.5185","3.4920","0.10K","0.40%"
"2020- 12- 08","3.4965","3.4855","3.4980","3.4665","0.09K","-0.50%"
"2020- 12- 07","3.5140","3.5340","3.5365","3.4775","0.07K","-0.20%"
"2020- 12- 04","3.5210","3.4815","3.5270","3.4815","0.06K","0.99%"
"2020- 12- 03","3.4865","3.4820","3.5140","3.4710","0.09K","0.06%"
"2020- 12- 02","3.4845","3.4785","3.4910","3.4415","0.14K","0.13%"
"2020- 12- 01","3.4800","3.4640","3.5110","3.4585","0.38K","1.35%"
"2020- 11- 30","3.4335","3.4210","3.4915","3.4210","0.16K","0.63%"
"2020- 11- 27","3.4120","3.3470","3.4160","3.3470","0.65K","1.92%"
"2020- 11- 26","3.3478","3.3117","3.3585","3.3090","","0.90%"
"2020- 11- 25","3.3180","3.3200","3.3380","3.2880","1.03K","0.32%"
"2020- 11- 24","3.3075","3.2740","3.3220","3.2700","0.55K","1.30%"
"2020- 11- 23","3.2650","3.2950","3.2950","3.2430","0.63K","-0.99%"
"2020- 11- 20","3.2975","3.2125","3.3055","3.2115","0.39K","2.77%"
"2020- 11- 19","3.2085","3.2020","3.2220","3.1865","0.28K","0.16%"
"2020- 11- 18","3.2035","3.2100","3.2415","3.2020","0.46K","0.02%"
"2020- 11- 17","3.2030","3.2270","3.2270","3.1870","0.27K","-0.68%"
"2020- 11- 16","3.2250","3.2000","3.2600","3.2000","0.25K","1.40%"
"2020- 11- 13","3.1805","3.1400","3.1900","3.1400","0.07K","1.03%"
"2020- 11- 12","3.1480","3.1345","3.1625","3.1245","0.13K","0.33%"
"2020- 11- 11","3.1375","3.1590","3.1730","3.1230","0.05K","-0.70%"
"2020- 11- 10","3.1595","3.1590","3.1605","3.1050","0.15K","0.00%"
"2020- 11- 09","3.1595","3.1645","3.2065","3.1440","0.21K","0.08%"
"2020- 11- 06","3.1570","3.1125","3.1740","3.1085","0.13K","1.40%"
"2020- 11- 05","3.1135","3.1025","3.1285","3.0875","0.14K","0.13%"
"2020- 11- 04","3.1095","3.1130","3.1165","3.0450","0.09K","0.52%"
"2020- 11- 03","3.0935","3.0905","3.1185","3.0895","0.11K","0.41%"
"2020- 11- 02","3.0810","3.0550","3.0910","3.0520","0.06K","0.97%"
"2020- 10- 30","3.0515","3.0680","3.0680","3.0450","0.26K","-0.28%"
"2020- 10- 29","3.0600","3.0810","3.0810","3.0595","0.02K","-0.13%"
"2020- 10- 28","3.0640","3.0880","3.1065","3.0420","89.55K","-0.95%"
"2020- 10- 27","3.0935","3.0915","3.1125","3.0800","56.27K","0.13%"
"2020- 10- 26","3.0895","3.1415","3.1430","3.0770","74.73K","-1.26%"
"2020- 10- 23","3.1290","3.1640","3.1645","3.1245","50.62K","-0.78%"
"2020- 10- 22","3.1535","3.1955","3.1960","3.1425","74.34K","-1.41%"
"2020- 10- 21","3.1985","3.1415","3.2180","3.1405","80.17K","1.60%"
"2020- 10- 20","3.1480","3.0835","3.1705","3.0730","78.89K","2.01%"
"2020- 10- 19","3.0860","3.0605","3.1080","3.0570","53.71K","0.60%"
"2020- 10- 16","3.0675","3.0875","3.0960","3.0555","49.49K","-0.58%"
"2020- 10- 15","3.0855","3.0505","3.0935","3.0245","73.52K","1.15%"
"2020- 10- 14","3.0505","3.0415","3.0685","3.0380","44.20K","0.20%"
"2020- 10- 13","3.0445","3.0635","3.0670","3.0265","60.94K","-0.64%"
"2020- 10- 12","3.0640","3.0795","3.0930","3.0520","50.42K","-0.60%"
"2020- 10- 09","3.0825","3.0420","3.0980","3.0390","77.72K","1.33%"
"2020- 10- 08","3.0420","3.0315","3.0475","3.0115","60.11K","0.30%"
"2020- 10- 07","3.0330","2.9270","3.0550","2.9225","88.20K","2.35%"
"2020- 10- 06","2.9635","2.9635","2.9765","2.9205","45.41K","0.02%"
"2020- 10- 05","2.9630","2.9800","2.9845","2.9320","56.24K","-0.49%"
"2020- 10- 02","2.9775","2.8775","2.9865","2.8345","112.08K","3.91%"
"2020- 10- 01","2.8655","3.0160","3.0465","2.8540","116.11K","-5.51%"
"2020- 09- 30","3.0325","2.9955","3.0415","2.9755","81.63K","1.42%"
"2020- 09- 29","2.9900","3.0000","3.0060","2.9550","67.93K","0.07%"
"2020- 09- 28","2.9880","2.9885","3.0065","2.9735","0.28K","0.56%"
"2020- 09- 25","2.9715","2.9760","2.9920","2.9425","0.48K","0.13%"
"2020- 09- 24","2.9675","2.9600","2.9775","2.9145","0.18K","-0.84%"
"2020- 09- 23","2.9925","3.0600","3.0600","2.9495","0.30K","-2.21%"
"2020- 09- 22","3.0600","3.0430","3.0830","3.0425","0.26K","0.94%"
"2020- 09- 21","3.0315","3.1000","3.1100","3.0270","0.21K","-2.65%"
"2020- 09- 18","3.1140","3.0845","3.1140","3.0650","0.16K","1.48%"
"2020- 09- 17","3.0685","3.0360","3.0780","3.0195","0.18K","0.33%"
"2020- 09- 16","3.0585","3.0435","3.0735","3.0430","0.20K","-0.08%"
"2020- 09- 15","3.0610","3.0695","3.0805","3.0430","0.32K","-0.13%"
"2020- 09- 14","3.0650","3.0485","3.0710","3.0265","0.37K","0.96%"
"2020- 09- 11","3.0360","2.9735","3.0450","2.9735","0.30K","1.45%"
"2020- 09- 10","2.9925","3.0515","3.0515","2.9545","0.30K","-1.76%"
"2020- 09- 09","3.0460","3.0055","3.0525","3.0055","0.73K","0.86%"
"2020- 09- 08","3.0200","3.0710","3.0775","2.9975","0.17K","-1.62%"
"2020- 09- 07","3.0697","3.0740","3.0880","3.0427","","-0.16%"
"2020- 09- 06","3.0745","3.0790","3.0790","3.0623","","0.61%"
"2020- 09- 04","3.0560","2.9620","3.0740","2.9620","0.36K","2.91%"
"2020- 09- 03","2.9695","3.0070","3.0070","2.9550","0.09K","-1.51%"
"2020- 09- 02","3.0150","2.9975","3.0325","2.9955","0.12K","-0.25%"
"2020- 09- 01","3.0225","3.0470","3.0830","3.0140","0.17K","-1.08%"
"2020- 08- 31","3.0555","3.0345","3.0600","3.0335","0.15K","1.44%"
"2020- 08- 28","3.0120","3.0120","3.0230","3.0085","0.45K","1.23%"
"2020- 08- 27","2.9755","2.9830","2.9955","2.9415","0.87K","0.24%"
"2020- 08- 26","2.9685","2.9535","2.9830","2.9430","0.19K","0.92%"
"2020- 08- 25","2.9415","2.9335","2.9505","2.9195","0.39K","0.31%"
"2020- 08- 24","2.9325","2.9390","2.9690","2.9240","0.30K","0.29%"
"2020- 08- 21","2.9240","3.0000","3.0035","2.9180","0.40K","-1.91%"
"2020- 08- 20","2.9810","2.9865","3.0020","2.9590","0.17K","-1.55%"
"2020- 08- 19","3.0280","2.9830","3.0300","2.9830","0.27K","1.59%"
"2020- 08- 18","2.9805","2.9130","2.9850","2.8990","0.47K","2.46%"
"2020- 08- 17","2.9090","2.8645","2.9235","2.8600","0.19K","1.43%"
"2020- 08- 14","2.8680","2.8005","2.8675","2.8005","0.09K","1.85%"
"2020- 08- 13","2.8160","2.8575","2.8675","2.7810","0.24K","-2.86%"
"2020- 08- 12","2.8990","2.8320","2.9060","2.8320","0.22K","0.52%"
"2020- 08- 11","2.8840","2.8740","2.8860","2.8580","0.10K","0.47%"
"2020- 08- 10","2.8705","2.8145","2.8850","2.8145","0.10K","2.44%"
"2020- 08- 07","2.8020","2.9040","2.9040","2.7910","0.31K","-4.01%"
"2020- 08- 06","2.9190","2.9045","2.9195","2.9045","0.29K","-0.21%"
"2020- 08- 05","2.9250","2.9200","2.9410","2.9200","0.03K","0.76%"
"2020- 08- 04","2.9030","2.8975","2.9070","2.8975","0.05K","-0.60%"
"2020- 08- 03","2.9205","2.8420","2.9215","2.8415","0.04K","1.51%"
"2020- 07- 31","2.8770","2.9105","2.9105","2.8745","0.36K","-1.54%"
"2020- 07- 30","2.9220","2.9215","2.9230","2.8890","0.31K","0.10%"
"2020- 07- 29","2.9190","2.9145","2.9435","2.8950","57.12K","0.05%"
"2020- 07- 28","2.9175","2.9090","2.9400","2.8790","70.94K","0.69%"
"2020- 07- 27","2.8975","2.8925","2.9200","2.8820","59.87K","0.17%"
"2020- 07- 24","2.8925","2.9215","2.9305","2.8665","80.31K","-1.57%"
"2020- 07- 23","2.9385","2.9265","2.9540","2.8990","56.70K","0.48%"
"2020- 07- 22","2.9245","2.9635","2.9820","2.8915","72.71K","-1.13%"
"2020- 07- 21","2.9580","2.9210","2.9750","2.9195","51.62K","1.46%"
"2020- 07- 20","2.9155","2.9065","2.9440","2.8815","59.31K","0.38%"
"2020- 07- 17","2.9045","2.8980","2.9175","2.8800","49.75K","0.10%"
"2020- 07- 16","2.9015","2.8940","2.9060","2.8450","71.22K","0.57%"
"2020- 07- 15","2.8850","2.9390","2.9760","2.8730","86.43K","-1.62%"
"2020- 07- 14","2.9325","2.9160","2.9460","2.8980","83.11K","-0.76%"
"2020- 07- 13","2.9550","2.9195","2.9930","2.8955","104.54K","1.98%"
"2020- 07- 10","2.8975","2.8425","2.9170","2.8225","81.46K","2.08%"
"2020- 07- 09","2.8385","2.8285","2.8755","2.8235","78.98K","0.51%"
"2020- 07- 08","2.8240","2.7850","2.8255","2.7850","59.18K","0.97%"
"2020- 07- 07","2.7970","2.7900","2.7990","2.7460","62.73K","0.81%"
"2020- 07- 06","2.7745","2.7490","2.7925","2.7235","86.67K","2.80%"
"2020- 07- 03","2.6990","2.7330","2.7370","2.6980","","-1.80%"
"2020- 07- 02","2.7485","2.7590","2.7690","2.7305","66.23K","0.53%"
"2020- 07- 01","2.7340","2.7305","2.7585","2.7065","76.63K","0.20%"
"2020- 06- 30","2.7285","2.6980","2.7370","2.6955","69.03K","1.34%"
"2020- 06- 29","2.6925","2.6700","2.7055","2.6680","61.50K","0.79%"
"2020- 06- 26","2.6715","2.6750","2.7050","2.6650","0.90K","-0.04%"
"2020- 06- 25","2.6725","2.6445","2.6750","2.6440","0.27K","0.70%"
"2020- 06- 24","2.6540","2.6660","2.6840","2.6370","0.31K","-0.38%"
"2020- 06- 23","2.6640","2.6600","2.6705","2.6305","0.51K","0.24%"
"2020- 06- 22","2.6575","2.6200","2.6625","2.6200","0.17K","1.39%"
"2020- 06- 19","2.6210","2.6120","2.6570","2.6070","0.30K","0.75%"
"2020- 06- 18","2.6015","2.5995","2.6330","2.5990","0.53K","0.02%"
"2020- 06- 17","2.6010","2.5725","2.6075","2.5670","0.36K","0.93%"
"2020- 06- 16","2.5770","2.6035","2.6200","2.5480","0.78K","-0.06%"
"2020- 06- 15","2.5785","2.5975","2.6090","2.5550","0.38K","-1.23%"
"2020- 06- 12","2.6105","2.5750","2.6260","2.5750","2.17K","0.58%"
"2020- 06- 11","2.5955","2.6735","2.6735","2.5700","0.11K","-2.63%"
"2020- 06- 10","2.6655","2.6185","2.7025","2.6185","0.12K","2.24%"
"2020- 06- 09","2.6070","2.5930","2.6110","2.5740","0.20K","1.28%"
"2020- 06- 08","2.5740","2.5600","2.5915","2.5455","0.61K","0.43%"
"2020- 06- 05","2.5630","2.5015","2.5735","2.4990","0.15K","2.66%"
"2020- 06- 04","2.4965","2.4900","2.5085","2.4900","0.07K","0.06%"
"2020- 06- 03","2.4950","2.5090","2.5100","2.4985","0.05K","-0.14%"
"2020- 06- 02","2.4985","2.4745","2.5025","2.4690","0.03K","0.83%"
"2020- 06- 01","2.4780","2.4585","2.4800","2.4575","0.11K","1.79%"
"2020- 05- 29","2.4345","2.4260","2.4410","2.4260","0.08K","0.54%"
"2020- 05- 28","2.4215","2.4080","2.4255","2.4080","0.08K","1.66%"
"2020- 05- 27","2.3820","2.4110","2.4220","2.3585","73.62K","-1.51%"
"2020- 05- 26","2.4185","2.3975","2.4390","2.3860","70.77K","0.52%"
"2020- 05- 25","2.4060","2.3980","2.4140","2.3860","","0.38%"
"2020- 05- 24","2.3970","2.3930","2.3990","2.3870","","0.44%"
"2020- 05- 22","2.3865","2.4275","2.4310","2.3715","60.70K","-1.87%"
"2020- 05- 21","2.4320","2.4605","2.4680","2.4220","56.13K","-1.14%"
"2020- 05- 20","2.4600","2.4100","2.4650","2.4010","54.34K","1.74%"
"2020- 05- 19","2.4180","2.4245","2.4385","2.4035","59.83K","0.58%"
"2020- 05- 18","2.4040","2.3375","2.4285","2.3340","65.07K","3.15%"
"2020- 05- 15","2.3305","2.3620","2.3755","2.3285","48.38K","-0.66%"
"2020- 05- 14","2.3460","2.3530","2.3650","2.3140","53.81K","0.00%"
"2020- 05- 13","2.3460","2.3355","2.3750","2.3325","43.80K","-0.55%"
"2020- 05- 12","2.3590","2.3840","2.3865","2.3305","48.17K","-0.88%"
"2020- 05- 11","2.3800","2.4095","2.4300","2.3670","59.01K","-1.08%"
"2020- 05- 08","2.4060","2.3790","2.4300","2.3780","34.75K","1.07%"
"2020- 05- 07","2.3805","2.3420","2.3910","2.3340","52.22K","1.43%"
"2020- 05- 06","2.3470","2.3325","2.3655","2.3185","45.06K","0.62%"
"2020- 05- 05","2.3325","2.3210","2.3400","2.3070","38.37K","0.86%"
"2020- 05- 04","2.3125","2.3050","2.3220","2.2840","30.43K","0.02%"
"2020- 05- 01","2.3120","2.3400","2.3420","2.2860","42.86K","-1.37%"
"2020- 04- 30","2.3440","2.3770","2.3950","2.3350","52.27K","-1.12%"
"2020- 04- 29","2.3705","2.3425","2.3860","2.3370","46.81K","0.96%"
"2020- 04- 28","2.3480","2.3475","2.3755","2.3315","1.19K","0.02%"
"2020- 04- 27","2.3475","2.3600","2.3820","2.3230","0.56K","0.43%"
"2020- 04- 24","2.3375","2.3145","2.3605","2.2940","0.85K","0.99%"
"2020- 04- 23","2.3145","2.2935","2.3400","2.2865","0.59K","0.56%"
"2020- 04- 22","2.3015","2.2725","2.3035","2.2340","0.81K","2.33%"
"2020- 04- 21","2.2490","2.3210","2.3215","2.1970","3.15K","-3.39%"
"2020- 04- 20","2.3280","2.3480","2.3600","2.3050","1.26K","-1.10%"
"2020- 04- 17","2.3540","2.3410","2.3645","2.3380","0.28K","2.26%"
"2020- 04- 16","2.3020","2.3020","2.3245","2.2990","0.44K","-0.09%"
"2020- 04- 15","2.3040","2.3370","2.3370","2.2875","0.33K","-1.45%"
"2020- 04- 14","2.3380","2.3365","2.3430","2.3210","0.52K","1.10%"
"2020- 04- 13","2.3125","2.3050","2.3500","2.2735","1.12K","1.87%"
"2020- 04- 10","2.2700","2.2700","2.2700","2.2700","","0.09%"
"2020- 04- 09","2.2680","2.2880","2.2880","2.2570","0.71K","0.07%"
"2020- 04- 08","2.2665","2.2650","2.2890","2.2530","0.45K","-0.46%"
"2020- 04- 07","2.2770","2.2270","2.2905","2.2270","0.30K","2.52%"
"2020- 04- 06","2.2210","2.1895","2.2305","2.1895","0.20K","1.16%"
"2020- 04- 03","2.1955","2.2115","2.2270","2.1895","0.28K","-1.19%"
"2020- 04- 02","2.2220","2.1850","2.2300","2.1850","0.16K","1.97%"
"2020- 04- 01","2.1790","2.2150","2.2150","2.1635","0.19K","-2.37%"
"2020- 03- 31","2.2320","2.1920","2.2365","2.1800","0.22K","3.31%"
"2020- 03- 30","2.1605","2.1610","2.1710","2.1540","0.19K","-0.53%"
"2020- 03- 27","2.1720","2.1845","2.2035","2.1580","54.31K","-0.28%"
"2020- 03- 26","2.1780","2.2040","2.2155","2.1590","60.76K","-1.18%"
"2020- 03- 25","2.2040","2.1995","2.2270","2.1495","74.58K","1.10%"
"2020- 03- 24","2.1800","2.0870","2.2395","2.0845","91.04K","3.78%"
"2020- 03- 23","2.1005","2.1465","2.1465","2.0205","84.92K","-3.27%"
"2020- 03- 20","2.1715","2.1485","2.2365","2.0930","88.78K","-0.64%"
"2020- 03- 19","2.1855","2.1625","2.1990","1.9725","101.07K","1.60%"
"2020- 03- 18","2.1510","2.3170","2.3415","2.1110","105.93K","-7.02%"
"2020- 03- 17","2.3135","2.3860","2.4255","2.3020","101.65K","-3.30%"
"2020- 03- 16","2.3925","2.5100","2.5155","2.3350","114.11K","-2.90%"
"2020- 03- 13","2.4640","2.4430","2.5320","2.4015","124.91K","-0.34%"
"2020- 03- 12","2.4725","2.4775","2.4845","2.4280","116.12K","-1.18%"
"2020- 03- 11","2.5020","2.5410","2.5420","2.4725","74.67K","-0.77%"
"2020- 03- 10","2.5215","2.4870","2.5655","2.4820","93.80K","0.44%"
"2020- 03- 09","2.5105","2.5350","2.5350","2.4565","120.97K","-1.95%"
"2020- 03- 06","2.5605","2.5700","2.5770","2.5320","99.17K","-0.49%"
"2020- 03- 05","2.5730","2.5825","2.6000","2.5610","62.32K","-0.50%"
"2020- 03- 04","2.5860","2.5870","2.6000","2.5700","58.22K","0.51%"
"2020- 03- 03","2.5730","2.6165","2.6250","2.5465","100.56K","-0.85%"
"2020- 03- 02","2.5950","2.5220","2.6130","2.5010","106.89K","2.17%"
"2020- 02- 28","2.5400","2.5565","2.5775","2.5060","130.45K","-1.22%"
"2020- 02- 27","2.5715","2.5665","2.5820","2.5255","110.45K","-0.08%"
"2020- 02- 26","2.5735","2.5665","2.5810","2.5485","1.25K","-0.27%"
"2020- 02- 25","2.5805","2.5770","2.5945","2.5620","0.65K","-0.04%"
"2020- 02- 24","2.5815","2.5930","2.5930","2.5645","0.61K","-1.19%"
"2020- 02- 21","2.6125","2.5940","2.6200","2.5670","0.64K","0.77%"
"2020- 02- 20","2.5925","2.6175","2.6245","2.5850","0.78K","-0.69%"
"2020- 02- 19","2.6105","2.6140","2.6305","2.5820","0.61K","0.08%"
"2020- 02- 18","2.6085","2.6105","2.6350","2.5980","0.26K","-0.44%"
"2020- 02- 17","2.6200","2.6070","2.6330","2.6020","","0.50%"
"2020- 02- 16","2.6070","2.5990","2.6100","2.5990","","0.12%"
"2020- 02- 14","2.6040","2.6165","2.6205","2.6005","0.31K","-0.52%"
"2020- 02- 13","2.6175","2.5950","2.6305","2.5900","0.31K","0.46%"
"2020- 02- 12","2.6055","2.5875","2.6140","2.5870","0.83K","0.70%"
"2020- 02- 11","2.5875","2.5815","2.6095","2.5725","0.23K","1.29%"
"2020- 02- 10","2.5545","2.5480","2.5795","2.5460","0.22K","-0.10%"
"2020- 02- 07","2.5570","2.5960","2.5965","2.5505","0.36K","-1.52%"
"2020- 02- 06","2.5965","2.5895","2.6245","2.5895","0.50K","0.70%"
"2020- 02- 05","2.5785","2.5495","2.6040","2.5485","0.37K","1.30%"
"2020- 02- 04","2.5455","2.5085","2.5710","2.5085","0.65K","1.39%"
"2020- 02- 03","2.5105","2.5110","2.5615","2.4910","0.54K","-0.38%"
"2020- 01- 31","2.5200","2.5495","2.5655","2.5090","0.47K","-0.30%"
"2020- 01- 30","2.5275","2.5475","2.5525","2.5230","0.14K","-1.04%"
"2020- 01- 29","2.5540","2.5880","2.6065","2.5530","87.19K","-0.99%"
"2020- 01- 28","2.5795","2.5935","2.6085","2.5775","100.47K","-0.65%"
"2020- 01- 27","2.5965","2.6675","2.6730","2.5915","118.99K","-3.26%"
"2020- 01- 24","2.6840","2.7310","2.7360","2.6775","72.57K","-1.54%"
"2020- 01- 23","2.7260","2.7680","2.7725","2.7110","88.85K","-1.41%"
"2020- 01- 22","2.7650","2.7880","2.8050","2.7635","71.19K","-1.02%"
"2020- 01- 21","2.7935","2.8470","2.8610","2.7900","103.87K","-1.78%"
"2020- 01- 20","2.8440","2.8520","2.8610","2.8370","","-0.25%"
"2020- 01- 19","2.8510","2.8460","2.8510","2.8450","","0.19%"
"2020- 01- 17","2.8455","2.8520","2.8755","2.8415","59.52K","-0.05%"
"2020- 01- 16","2.8470","2.8625","2.8860","2.8415","73.55K","-0.66%"
"2020- 01- 15","2.8660","2.8700","2.8705","2.8365","55.20K","-0.26%"
"2020- 01- 14","2.8735","2.8560","2.8745","2.8495","74.97K","0.44%"
"2020- 01- 13","2.8610","2.8055","2.8640","2.8055","73.10K","1.69%"
"2020- 01- 10","2.8135","2.8000","2.8360","2.7955","60.79K","0.41%"
"2020- 01- 09","2.8020","2.8080","2.8190","2.7955","53.12K","-0.36%"
"2020- 01- 08","2.8120","2.7955","2.8140","2.7630","77.70K","0.66%"
"2020- 01- 07","2.7935","2.7890","2.8040","2.7800","59.47K","0.13%"
"2020- 01- 06","2.7900","2.7650","2.7955","2.7645","59.57K","0.11%"
"2020- 01- 03","2.7870","2.8250","2.8255","2.7595","74.75K","-1.35%"
"2020- 01- 02","2.8250","2.8035","2.8295","2.7940","72.46K","0.68%"
"2020- 01- 01","2.8060","2.7980","2.8070","2.7980","","0.32%"
"2019- 12- 31","2.7970","2.8205","2.8220","2.7960","42.72K","-1.29%"
"2019- 12- 30","2.8335","2.8255","2.8380","2.8190","46.91K","0.21%"
"2019- 12- 27","2.8275","2.8490","2.8490","2.8160","0.18K","-0.70%"
"2019- 12- 26","2.8475","2.8330","2.8550","2.8325","0.14K","0.33%"
"2019- 12- 25","2.8380","2.8250","2.8420","2.8250","","0.41%"
"2019- 12- 24","2.8265","2.8185","2.8300","2.8120","0.16K","0.61%"
"2019- 12- 23","2.8095","2.8010","2.8070","2.7940","0.38K","0.16%"
"2019- 12- 20","2.8050","2.8245","2.8255","2.7975","0.21K","-0.76%"
"2019- 12- 19","2.8265","2.8005","2.8260","2.8005","0.48K","0.55%"
"2019- 12- 18","2.8110","2.7945","2.8105","2.7945","0.62K","-0.05%"
"2019- 12- 17","2.8125","2.8070","2.8165","2.8050","0.48K","0.12%"
"2019- 12- 16","2.8090","2.7885","2.8145","2.7855","2.32K","1.13%"
"2019- 12- 13","2.7775","2.8160","2.8250","2.7675","0.45K","-0.54%"
"2019- 12- 12","2.7925","2.7780","2.8090","2.7675","0.24K","0.25%"
"2019- 12- 11","2.7855","2.7700","2.7915","2.7675","0.29K","0.87%"
"2019- 12- 10","2.7615","2.7455","2.7625","2.7445","0.26K","0.27%"
"2019- 12- 09","2.7540","2.7355","2.7565","2.7205","0.38K","1.23%"
"2019- 12- 06","2.7205","2.6705","2.7475","2.6650","0.11K","2.33%"
"2019- 12- 05","2.6585","2.6590","2.6655","2.6545","0.33K","0.15%"
"2019- 12- 04","2.6545","2.6195","2.6605","2.6195","0.19K","1.39%"
"2019- 12- 03","2.6180","2.6450","2.6450","2.6215","0.08K","-1.04%"
"2019- 12- 02","2.6455","2.6490","2.6570","2.6440","0.11K","-0.40%"
"2019- 11- 29","2.6560","2.6655","2.6655","2.6490","0.24K","-0.52%"
"2019- 11- 28","2.6700","2.6940","2.6950","2.6670","","-0.76%"
"2019- 11- 27","2.6905","2.6825","2.7025","2.6825","0.66K","0.17%"
"2019- 11- 26","2.6860","2.6530","2.6870","2.6445","1.48K","1.22%"
"2019- 11- 25","2.6535","2.6500","2.6735","2.6405","0.71K","0.08%"
"2019- 11- 22","2.6515","2.6310","2.6530","2.6230","0.51K","0.91%"
"2019- 11- 21","2.6275","2.6495","2.6525","2.6255","0.81K","-0.92%"
"2019- 11- 20","2.6520","2.6535","2.6660","2.6455","1.15K","-0.26%"
"2019- 11- 19","2.6590","2.6245","2.6630","2.6225","0.91K","1.31%"
"2019- 11- 18","2.6245","2.6420","2.6480","2.6210","1.03K","-0.68%"
"2019- 11- 15","2.6425","2.6300","2.6465","2.6295","0.42K","0.61%"
"2019- 11- 14","2.6265","2.6450","2.6600","2.6230","0.76K","-0.64%"
"2019- 11- 13","2.6435","2.6530","2.6545","2.6375","0.76K","-0.25%"
"2019- 11- 12","2.6500","2.6640","2.6870","2.6470","0.47K","-0.67%"
"2019- 11- 11","2.6680","2.6920","2.6920","2.6625","0.25K","-0.67%"
"2019- 11- 08","2.6860","2.7220","2.7245","2.6810","0.74K","-1.68%"
"2019- 11- 07","2.7320","2.6710","2.7325","2.6710","0.59K","2.34%"
"2019- 11- 06","2.6695","2.7030","2.7030","2.6675","0.31K","-1.31%"
"2019- 11- 05","2.7050","2.6685","2.7140","2.6680","0.70K","1.10%"
"2019- 11- 04","2.6755","2.6670","2.6805","2.6600","0.35K","0.68%"
"2019- 11- 01","2.6575","2.6505","2.6680","2.6420","0.41K","0.57%"
"2019- 10- 31","2.6425","2.6865","2.6890","2.6350","0.32K","-1.78%"
"2019- 10- 30","2.6905","2.6860","2.6935","2.6675","0.11K","-0.04%"
"2019- 10- 29","2.6915","2.6820","2.6970","2.6725","52.04K","0.32%"
"2019- 10- 28","2.6830","2.6850","2.6890","2.6735","49.12K","0.28%"
"2019- 10- 25","2.6755","2.6665","2.6905","2.6590","57.34K","0.28%"
"2019- 10- 24","2.6680","2.6690","2.6795","2.6590","61.06K","-0.13%"
"2019- 10- 23","2.6715","2.6355","2.6745","2.6145","75.68K","1.46%"
"2019- 10- 22","2.6330","2.6450","2.6505","2.6295","46.14K","-0.51%"
"2019- 10- 21","2.6465","2.6395","2.6600","2.6305","54.49K","0.40%"
"2019- 10- 18","2.6360","2.6000","2.6460","2.5850","71.81K","1.48%"
"2019- 10- 17","2.5975","2.5870","2.6175","2.5770","53.90K","0.31%"
"2019- 10- 16","2.5895","2.6125","2.6130","2.5730","54.26K","-0.94%"
"2019- 10- 15","2.6140","2.6320","2.6415","2.6060","53.71K","-0.76%"
"2019- 10- 14","2.6340","2.6275","2.6345","2.5940","58.73K","0.23%"
"2019- 10- 11","2.6280","2.6110","2.6385","2.6060","71.34K","0.55%"
"2019- 10- 10","2.6135","2.5690","2.6200","2.5475","76.15K","1.77%"
"2019- 10- 09","2.5680","2.5670","2.5795","2.5605","46.71K","-0.02%"
"2019- 10- 08","2.5685","2.5730","2.6015","2.5615","62.32K","-0.33%"
"2019- 10- 07","2.5770","2.5570","2.5895","2.5525","49.61K","0.57%"
"2019- 10- 04","2.5625","2.5535","2.5660","2.5300","48.82K","0.35%"
"2019- 10- 03","2.5535","2.5660","2.5820","2.5385","51.49K","-0.66%"
"2019- 10- 02","2.5705","2.5650","2.5855","2.5475","62.20K","0.39%"
"2019- 10- 01","2.5605","2.5740","2.5770","2.5150","74.86K","-0.70%"
"2019- 09- 30","2.5785","2.5980","2.6185","2.5725","50.07K","-0.73%"
"2019- 09- 27","2.5975","2.5770","2.6130","2.5705","59.06K","1.03%"
"2019- 09- 26","2.5710","2.6020","2.6100","2.5705","0.80K","-1.34%"
"2019- 09- 25","2.6060","2.5985","2.6070","2.5825","0.51K","0.17%"
"2019- 09- 24","2.6015","2.6055","2.6150","2.5950","0.48K","-0.19%"
"2019- 09- 23","2.6065","2.5915","2.6130","2.5700","0.23K","0.19%"
"2019- 09- 20","2.6015","2.6095","2.6230","2.5870","0.29K","-0.06%"
"2019- 09- 19","2.6030","2.6060","2.6150","2.6000","0.22K","-0.17%"
"2019- 09- 18","2.6075","2.6275","2.6305","2.5995","0.13K","-0.53%"
"2019- 09- 17","2.6215","2.6300","2.6300","2.6035","0.24K","-0.47%"
"2019- 09- 16","2.6340","2.6970","2.6970","2.6330","0.88K","-2.21%"
"2019- 09- 13","2.6935","2.6400","2.6975","2.6400","0.23K","2.22%"
"2019- 09- 12","2.6350","2.6295","2.6575","2.5900","0.54K","1.00%"
"2019- 09- 11","2.6090","2.6115","2.6310","2.6070","0.14K","-0.51%"
"2019- 09- 10","2.6225","2.6300","2.6300","2.6050","0.15K","0.04%"
"2019- 09- 09","2.6215","2.6170","2.6220","2.6120","0.24K","-0.27%"
"2019- 09- 06","2.6285","2.6285","2.6420","2.6175","0.29K","-0.30%"
"2019- 09- 05","2.6365","2.5995","2.6405","2.5835","0.67K","1.80%"
"2019- 09- 04","2.5900","2.5265","2.5900","2.5265","0.65K","2.64%"
"2019- 09- 03","2.5235","2.5365","2.5365","2.4925","0.77K","-0.34%"
"2019- 09- 02","2.5320","2.5520","2.5670","2.5280","","-0.78%"
"2019- 09- 01","2.5520","2.5570","2.5570","2.5470","","0.20%"
"2019- 08- 30","2.5470","2.5720","2.5770","2.5445","0.33K","-1.03%"
"2019- 08- 29","2.5735","2.5535","2.5880","2.5505","2.56K","0.57%"
"2019- 08- 28","2.5590","2.5520","2.5655","2.5420","2.10K","0.35%"
"2019- 08- 27","2.5500","2.5410","2.5720","2.5325","1.23K","0.14%"
"2019- 08- 26","2.5465","2.5200","2.5490","2.5000","1.24K","0.47%"
"2019- 08- 23","2.5345","2.5630","2.5740","2.5300","0.28K","-1.05%"
"2019- 08- 22","2.5615","2.5810","2.5860","2.5520","0.48K","-1.06%"
"2019- 08- 21","2.5890","2.5795","2.5920","2.5790","0.53K","0.29%"
"2019- 08- 20","2.5815","2.6020","2.6025","2.5755","0.19K","-0.90%"
"2019- 08- 19","2.6050","2.5980","2.6175","2.5980","0.14K","0.25%"
"2019- 08- 16","2.5985","2.5910","2.5960","2.5900","0.11K","0.00%"
"2019- 08- 15","2.5985","2.6060","2.6060","2.5875","0.29K","0.12%"
"2019- 08- 14","2.5955","2.6105","2.6105","2.5875","0.29K","-1.44%"
"2019- 08- 13","2.6335","2.6020","2.6395","2.5805","0.50K","1.76%"
"2019- 08- 12","2.5880","2.5965","2.5965","2.5805","0.71K","-0.17%"
"2019- 08- 09","2.5925","2.6160","2.6160","2.5870","0.57K","-0.69%"
"2019- 08- 08","2.6105","2.5935","2.6160","2.5935","0.17K","1.38%"
"2019- 08- 07","2.5750","2.5740","2.5920","2.5510","0.41K","0.53%"
"2019- 08- 06","2.5615","2.5480","2.5720","2.5480","0.79K","0.49%"
"2019- 08- 05","2.5490","2.5625","2.5650","2.5480","0.59K","-1.11%"
"2019- 08- 02","2.5775","2.6145","2.6290","2.5670","0.69K","-3.48%"
"2019- 08- 01","2.6705","2.6650","2.6700","2.6250","0.33K","-0.04%"
"2019- 07- 31","2.6715","2.6880","2.6880","2.6700","0.86K","-0.43%"
"2019- 07- 30","2.6830","2.7045","2.7045","2.6810","0.29K","-1.27%"
"2019- 07- 29","2.7175","2.6905","2.7210","2.6815","55.52K","1.21%"
"2019- 07- 26","2.6850","2.7065","2.7120","2.6840","58.82K","-0.68%"
"2019- 07- 25","2.7035","2.7115","2.7385","2.7000","63.42K","-0.31%"
"2019- 07- 24","2.7120","2.7060","2.7205","2.6980","50.45K","0.44%"
"2019- 07- 23","2.7000","2.7160","2.7300","2.6875","65.12K","-0.81%"
"2019- 07- 22","2.7220","2.7530","2.7595","2.7180","66.57K","-1.11%"
"2019- 07- 19","2.7525","2.7195","2.8030","2.7150","132.64K","1.57%"
"2019- 07- 18","2.7100","2.7010","2.7205","2.6925","51.68K","-0.22%"
"2019- 07- 17","2.7160","2.6950","2.7170","2.6820","54.35K","0.59%"
"2019- 07- 16","2.7000","2.7150","2.7355","2.6940","67.46K","-0.41%"
"2019- 07- 15","2.7110","2.6975","2.7280","2.6855","60.29K","0.63%"
"2019- 07- 12","2.6940","2.6880","2.7145","2.6725","57.60K","0.24%"
"2019- 07- 11","2.6875","2.6890","2.6980","2.6785","62.90K","-0.24%"
"2019- 07- 10","2.6940","2.6280","2.6995","2.6250","86.28K","2.63%"
"2019- 07- 09","2.6250","2.6575","2.6590","2.6120","78.23K","-1.28%"
"2019- 07- 08","2.6590","2.6695","2.6890","2.6545","58.27K","-0.08%"
"2019- 07- 05","2.6610","2.6845","2.6875","2.6445","69.03K","-0.71%"
"2019- 07- 04","2.6800","2.6850","2.6870","2.6700","","-0.11%"
"2019- 07- 03","2.6830","2.6650","2.6860","2.6365","52.69K","0.71%"
"2019- 07- 02","2.6640","2.6880","2.6965","2.6555","66.39K","-0.89%"
"2019- 07- 01","2.6880","2.7500","2.7570","2.6770","86.27K","-0.94%"
"2019- 06- 28","2.7135","2.7210","2.7280","2.7025","53.97K","-0.11%"
"2019- 06- 27","2.7165","2.7135","2.7280","2.7000","70.43K","0.04%"
"2019- 06- 26","2.7155","2.7290","2.7525","2.7025","0.90K","-0.77%"
"2019- 06- 25","2.7365","2.7090","2.7460","2.7020","1.13K","1.11%"
"2019- 06- 24","2.7065","2.7045","2.7125","2.6840","1.48K","0.04%"
"2019- 06- 21","2.7055","2.7160","2.7195","2.6880","1.06K","-0.26%"
"2019- 06- 20","2.7125","2.6950","2.7300","2.6950","0.56K","1.19%"
"2019- 06- 19","2.6805","2.7035","2.7075","2.6755","0.21K","-0.81%"
"2019- 06- 18","2.7025","2.6450","2.7105","2.6450","0.57K","2.15%"
"2019- 06- 17","2.6455","2.6380","2.6540","2.6195","0.69K","0.55%"
"2019- 06- 14","2.6310","2.6480","2.6480","2.6295","0.40K","-1.02%"
"2019- 06- 13","2.6580","2.6535","2.6620","2.6370","0.55K","0.11%"
"2019- 06- 12","2.6550","2.6715","2.6715","2.6410","0.41K","-0.67%"
"2019- 06- 11","2.6730","2.6755","2.6980","2.6675","0.46K","0.39%"
"2019- 06- 10","2.6625","2.6405","2.6665","2.6395","0.36K","1.25%"
"2019- 06- 07","2.6295","2.6505","2.6525","2.6045","0.43K","-0.83%"
"2019- 06- 06","2.6515","2.6405","2.6505","2.6360","0.24K","1.03%"
"2019- 06- 05","2.6245","2.6690","2.6735","2.6245","0.91K","-1.70%"
"2019- 06- 04","2.6700","2.6570","2.6705","2.6430","0.29K","0.72%"
"2019- 06- 03","2.6510","2.6250","2.6555","2.6235","0.21K","0.40%"
"2019- 05- 31","2.6405","2.6435","2.6530","2.6355","0.52K","-0.60%"
"2019- 05- 30","2.6565","2.6710","2.6715","2.6435","0.41K","-0.28%"
"2019- 05- 29","2.6640","2.6960","2.6980","2.6585","60.70K","-1.19%"
"2019- 05- 28","2.6960","2.7010","2.7180","2.6885","63.39K","-0.63%"
"2019- 05- 27","2.7130","2.7000","2.7170","2.6960","","0.44%"
"2019- 05- 26","2.7010","2.6990","2.7030","2.6950","","0.06%"
"2019- 05- 24","2.6995","2.6815","2.7085","2.6805","54.24K","0.71%"
"2019- 05- 23","2.6805","2.6755","2.6890","2.6545","70.82K","0.09%"
"2019- 05- 22","2.6780","2.7150","2.7190","2.6700","65.88K","-1.36%"
"2019- 05- 21","2.7150","2.7275","2.7425","2.7055","60.84K","-0.40%"
"2019- 05- 20","2.7260","2.7325","2.7505","2.7120","47.18K","-0.46%"
"2019- 05- 17","2.7385","2.7480","2.7530","2.7210","55.66K","-0.35%"
"2019- 05- 16","2.7480","2.7465","2.7775","2.7380","60.33K","0.18%"
"2019- 05- 15","2.7430","2.7225","2.7525","2.7155","68.13K","0.66%"
"2019- 05- 14","2.7250","2.7200","2.7380","2.7140","62.62K","0.22%"
"2019- 05- 13","2.7190","2.7680","2.7735","2.7090","78.97K","-2.00%"
"2019- 05- 10","2.7745","2.7675","2.7970","2.7560","91.46K","0.11%"
"2019- 05- 09","2.7715","2.7695","2.7780","2.7310","89.88K","-0.11%"
"2019- 05- 08","2.7745","2.7875","2.8100","2.7600","94.12K","-0.39%"
"2019- 05- 07","2.7855","2.8275","2.8410","2.7755","103.41K","-1.56%"
"2019- 05- 06","2.8295","2.7990","2.8485","2.7415","89.11K","0.37%"
"2019- 05- 03","2.8190","2.7820","2.8330","2.7750","80.32K","1.42%"
"2019- 05- 02","2.7795","2.7930","2.8065","2.7715","81.05K","-0.79%"
"2019- 05- 01","2.8015","2.9075","2.9135","2.7865","112.25K","-3.53%"
"2019- 04- 30","2.9040","2.8920","2.9235","2.8800","64.72K","0.24%"
"2019- 04- 29","2.8970","2.8935","2.9070","2.8730","70.62K","0.19%"
"2019- 04- 26","2.8915","2.8640","2.8945","2.8625","1.04K","0.92%"
"2019- 04- 25","2.8650","2.9120","2.9200","2.8600","0.56K","-1.66%"
"2019- 04- 24","2.9135","2.9005","2.9175","2.8980","0.86K","0.53%"
"2019- 04- 23","2.8980","2.9085","2.9150","2.8825","0.41K","-0.24%"
"2019- 04- 22","2.9050","2.9305","2.9320","2.8980","0.33K","-0.45%"
"2019- 04- 19","2.9180","2.9180","2.9180","2.9180","","-0.17%"
"2019- 04- 18","2.9230","2.9640","2.9640","2.9140","0.45K","-1.58%"
"2019- 04- 17","2.9700","2.9485","2.9960","2.9440","0.45K","1.21%"
"2019- 04- 16","2.9345","2.9390","2.9435","2.9310","0.77K","-0.14%"
"2019- 04- 15","2.9385","2.9500","2.9500","2.9210","0.66K","-0.37%"
"2019- 04- 12","2.9495","2.8995","2.9550","2.8995","0.77K","1.99%"
"2019- 04- 11","2.8920","2.9245","2.9290","2.8900","0.36K","-1.31%"
"2019- 04- 10","2.9305","2.9350","2.9355","2.9205","0.11K","-0.27%"
"2019- 04- 09","2.9385","2.9355","2.9610","2.9335","0.40K","0.05%"
"2019- 04- 08","2.9370","2.9225","2.9390","2.9140","0.16K","1.28%"
"2019- 04- 05","2.9000","2.9220","2.9245","2.8935","0.21K","-0.51%"
"2019- 04- 04","2.9150","2.9490","2.9540","2.9100","0.25K","-1.27%"
"2019- 04- 03","2.9525","2.9110","2.9555","2.9105","0.35K","1.44%"
"2019- 04- 02","2.9105","2.9330","2.9395","2.9045","0.41K","-0.61%"
"2019- 04- 01","2.9285","2.9500","2.9900","2.9200","0.45K","-0.37%"
"2019- 03- 29","2.9395","2.9080","2.9435","2.9030","0.27K","2.17%"
"2019- 03- 28","2.8770","2.8605","2.8910","2.8600","0.16K","0.49%"
"2019- 03- 27","2.8630","2.8630","2.8755","2.8435","58.23K","0.32%"
"2019- 03- 26","2.8540","2.8565","2.8670","2.8460","62.77K","-0.09%"
"2019- 03- 25","2.8565","2.8430","2.8595","2.8345","68.37K","0.49%"
"2019- 03- 22","2.8425","2.9105","2.9150","2.8395","103.69K","-2.19%"
"2019- 03- 21","2.9060","2.9275","2.9690","2.8920","92.47K","-0.51%"
"2019- 03- 20","2.9210","2.9195","2.9420","2.9075","60.26K","-0.07%"
"2019- 03- 19","2.9230","2.9125","2.9440","2.9080","63.28K","0.48%"
"2019- 03- 18","2.9090","2.9095","2.9325","2.8990","60.30K","0.10%"
"2019- 03- 15","2.9060","2.8890","2.9245","2.8840","71.26K","0.50%"
"2019- 03- 14","2.8915","2.9325","2.9345","2.8820","68.74K","-1.50%"
"2019- 03- 13","2.9355","2.9295","2.9395","2.9135","49.40K","0.24%"
"2019- 03- 12","2.9285","2.9065","2.9570","2.9050","68.21K","0.95%"
"2019- 03- 11","2.9010","2.8915","2.9115","2.8840","43.18K","0.26%"
"2019- 03- 08","2.8935","2.9145","2.9185","2.8745","66.54K","-0.58%"
"2019- 03- 07","2.9105","2.9265","2.9290","2.8945","59.93K","-0.27%"
"2019- 03- 06","2.9185","2.9345","2.9445","2.9155","51.45K","-0.51%"
"2019- 03- 05","2.9335","2.9110","2.9515","2.9075","61.97K","0.84%"
"2019- 03- 04","2.9090","2.9330","2.9550","2.8965","70.59K","-0.78%"
"2019- 03- 01","2.9320","2.9435","2.9770","2.9225","75.97K","-0.54%"
"2019- 02- 28","2.9480","2.9670","2.9680","2.9390","70.21K","-0.49%"
"2019- 02- 27","2.9625","2.9495","2.9725","2.9345","73.98K","0.49%"
"2019- 02- 26","2.9480","2.9500","2.9595","2.9365","0.93K","0.03%"
"2019- 02- 25","2.9470","2.9485","2.9755","2.9410","0.71K","-0.07%"
"2019- 02- 22","2.9490","2.9015","2.9520","2.8990","0.68K","1.78%"
"2019- 02- 21","2.8975","2.9100","2.9140","2.8910","0.64K","-0.77%"
"2019- 02- 20","2.9200","2.8750","2.9235","2.8750","0.36K","1.48%"
"2019- 02- 19","2.8775","2.8170","2.8770","2.8095","0.18K","1.39%"
"2019- 02- 18","2.8380","2.8160","2.8480","2.8030","","0.78%"
"2019- 02- 17","2.8160","2.8150","2.8170","2.8110","","0.48%"
"2019- 02- 15","2.8025","2.7725","2.8230","2.7620","0.15K","0.86%"
"2019- 02- 14","2.7785","2.8010","2.8015","2.7600","0.19K","0.09%"
"2019- 02- 13","2.7760","2.7870","2.7870","2.7700","0.05K","0.04%"
"2019- 02- 12","2.7750","2.7910","2.7950","2.7635","0.05K","-0.64%"
"2019- 02- 11","2.7930","2.8125","2.8125","2.7825","0.10K","-0.75%"
"2019- 02- 08","2.8140","2.8235","2.8360","2.8125","0.27K","-0.64%"
"2019- 02- 07","2.8320","2.8415","2.8510","2.8300","0.32K","-0.28%"
"2019- 02- 06","2.8400","2.8265","2.8480","2.8255","0.10K","0.69%"
"2019- 02- 05","2.8205","2.8050","2.8235","2.8050","0.09K","0.82%"
"2019- 02- 04","2.7975","2.7735","2.8030","2.7600","0.49K","0.72%"
"2019- 02- 01","2.7775","2.7835","2.7845","2.7660","0.28K","-0.41%"
"2019- 01- 31","2.7890","2.7785","2.7985","2.7765","0.35K","0.61%"
"2019- 01- 30","2.7720","2.7435","2.7865","2.7435","0.21K","1.72%"
"2019- 01- 29","2.7250","2.6805","2.7255","2.6785","66.81K","1.68%"
"2019- 01- 28","2.6800","2.7330","2.7335","2.6760","77.15K","-1.80%"
"2019- 01- 25","2.7290","2.6450","2.7370","2.6445","93.39K","3.20%"
"2019- 01- 24","2.6445","2.6535","2.6640","2.6345","59.05K","-0.38%"
"2019- 01- 23","2.6545","2.6630","2.6765","2.6480","59.25K","-0.19%"
"2019- 01- 22","2.6595","2.7150","2.7155","2.6505","92.24K","-0.84%"
"2019- 01- 21","2.6820","2.7090","2.7100","2.6750","","-1.00%"
"2019- 01- 20","2.7090","2.7120","2.7160","2.7090","","-0.37%"
"2019- 01- 18","2.7190","2.6970","2.7270","2.6865","78.07K","1.46%"
"2019- 01- 17","2.6800","2.6715","2.7120","2.6585","65.82K","0.24%"
"2019- 01- 16","2.6735","2.6410","2.6800","2.6360","72.87K","1.48%"
"2019- 01- 15","2.6345","2.6300","2.6640","2.6300","65.69K","-0.02%"
"2019- 01- 14","2.6350","2.6535","2.6610","2.6165","69.05K","-1.01%"
"2019- 01- 11","2.6620","2.6350","2.6670","2.6335","66.90K","0.93%"
"2019- 01- 10","2.6375","2.6600","2.6705","2.6290","71.64K","-0.73%"
"2019- 01- 09","2.6570","2.6515","2.6865","2.6485","78.68K","0.04%"
"2019- 01- 08","2.6560","2.6380","2.6580","2.6235","66.00K","0.72%"
"2019- 01- 07","2.6370","2.6500","2.6595","2.6315","57.83K","-0.40%"
"2019- 01- 04","2.6475","2.5760","2.6550","2.5670","83.28K","3.10%"
"2019- 01- 03","2.5680","2.6015","2.6205","2.5430","88.58K","-2.10%"
"2019- 01- 02","2.6230","2.6420","2.6750","2.5945","85.02K","-1.09%"
"2019- 01- 01","2.6520","2.6430","2.6540","2.6380","","0.80%"